date,rank,title,url,snippet
2025-12-30,1,TechnicalSEO.com | SEO Tools & Insights,https://technicalseo.com/,"Technical SEO is defined by configurations that can be implemented to the website and server (e.g. page elements, HTTP header responses, XML Sitemaps, redirects ..."
2025-12-30,2,What Is Technical SEO? Basics and Best Practices,https://www.semrush.com/blog/technical-seo/,"Technical SEO is about improving your website to make it easier for search engines to find, understand, and store your content."
2025-12-30,3,Technical SEO Techniques and Strategies,https://developers.google.com/search/docs/fundamentals/get-started,"This guide covers more in-depth SEO tasks, such as preparing for a site move or managing a multi-lingual site."
2025-12-30,4,What Is Technical SEO? The Definitive Guide,https://searchengineland.com/guide/what-is-technical-seo,"Technical SEO is the process of optimizing your website's infrastructure so search engines can crawl, render, index, and serve your content correctly and ..."
2025-12-30,5,Technical SEO: The Ultimate Guide for 2025,https://backlinko.com/technical-seo-guide,Technical SEO is the process of ensuring that a website meets the technical requirements of modern search engines with the goal of improved organic rankings.
2025-12-30,6,The Beginner's Guide to Technical SEO,https://ahrefs.com/blog/technical-seo/,"Technical SEO is the practice of optimizing your website to help search engines find, crawl, understand, and index your pages."
2025-12-30,7,Technical SEO,https://www.mtu.edu/umc/services/websites/seo/technical-seo/,Technical SEO is the process of optimizing the technical aspects of a website to improve its search engine rankings.
2025-12-30,8,What is Technical SEO?,https://www.geeksforgeeks.org/blogs/what-is-technical-seo/,Technical SEO is a method of optimizing a website's technical elements to improve its performance in SERPs or Search Engine Result Pages.
2025-12-30,9,Technical SEO [Beginner's Guide to SEO] - Moz,https://moz.com/beginners-guide-to-seo/technical-seo,Basic technical knowledge will help you optimize your site for search engines and establish credibility with developers.
2025-12-31,1,TechnicalSEO.com | SEO Tools & Insights,https://technicalseo.com/,"Technical SEO is defined by configurations that can be implemented to the website and server (e.g. page elements, HTTP header responses, XML Sitemaps, redirects ..."
2025-12-31,2,What Is Technical SEO? Basics and Best Practices,https://www.semrush.com/blog/technical-seo/,"Technical SEO is about improving your website to make it easier for search engines to find, understand, and store your content."
2025-12-31,3,Technical SEO Techniques and Strategies,https://developers.google.com/search/docs/fundamentals/get-started,"This guide covers more in-depth SEO tasks, such as preparing for a site move or managing a multi-lingual site."
2025-12-31,4,What Is Technical SEO? The Definitive Guide,https://searchengineland.com/guide/what-is-technical-seo,"Technical SEO is the process of optimizing your website's infrastructure so search engines can crawl, render, index, and serve your content correctly and ..."
2025-12-31,5,Technical SEO: The Ultimate Guide for 2025,https://backlinko.com/technical-seo-guide,Technical SEO is the process of ensuring that a website meets the technical requirements of modern search engines with the goal of improved organic rankings.
2025-12-31,6,The Beginner's Guide to Technical SEO,https://ahrefs.com/blog/technical-seo/,"Technical SEO is the practice of optimizing your website to help search engines find, crawl, understand, and index your pages."
2025-12-31,7,Technical SEO,https://www.mtu.edu/umc/services/websites/seo/technical-seo/,Technical SEO is the process of optimizing the technical aspects of a website to improve its search engine rankings.
2025-12-31,8,What is Technical SEO?,https://www.geeksforgeeks.org/blogs/what-is-technical-seo/,Technical SEO is a method of optimizing a website's technical elements to improve its performance in SERPs or Search Engine Result Pages.
2025-12-31,9,What's technical SEO? 8 technical aspects everyone ...,https://yoast.com/what-is-technical-seo/,Technical SEO is all about improving a website's technical aspects to increase its pages' ranking in the search engines.
2026-01-01,1,TechnicalSEO.com | SEO Tools & Insights,https://technicalseo.com/,"Technical SEO is defined by configurations that can be implemented to the website and server (e.g. page elements, HTTP header responses, XML Sitemaps, redirects ..."
2026-01-01,2,What Is Technical SEO? Basics and Best Practices,https://www.semrush.com/blog/technical-seo/,"Technical SEO is about improving your website to make it easier for search engines to find, understand, and store your content."
2026-01-01,3,Technical SEO Techniques and Strategies,https://developers.google.com/search/docs/fundamentals/get-started,"This guide covers more in-depth SEO tasks, such as preparing for a site move or managing a multi-lingual site."
2026-01-01,4,Technical SEO: The Ultimate Guide for 2025,https://backlinko.com/technical-seo-guide,Technical SEO is the process of ensuring that a website meets the technical requirements of modern search engines with the goal of improved organic rankings.
2026-01-01,5,What Is Technical SEO? The Definitive Guide,https://searchengineland.com/guide/what-is-technical-seo,"Technical SEO is the process of optimizing your website's infrastructure so search engines can crawl, render, index, and serve your content correctly and ..."
2026-01-01,6,The Beginner's Guide to Technical SEO,https://ahrefs.com/blog/technical-seo/,"Technical SEO is the practice of optimizing your website to help search engines find, crawl, understand, and index your pages."
2026-01-01,7,What is Technical SEO?,https://www.geeksforgeeks.org/blogs/what-is-technical-seo/,Technical SEO is a method of optimizing a website's technical elements to improve its performance in SERPs or Search Engine Result Pages.
2026-01-02,1,TechnicalSEO.com | SEO Tools & Insights,https://technicalseo.com/,"Technical SEO is defined by configurations that can be implemented to the website and server (e.g. page elements, HTTP header responses, XML Sitemaps, redirects ..."
2026-01-02,2,What Is Technical SEO? Basics and Best Practices,https://www.semrush.com/blog/technical-seo/,"Technical SEO is about improving your website to make it easier for search engines to find, understand, and store your content."
2026-01-02,3,Technical SEO Techniques and Strategies,https://developers.google.com/search/docs/fundamentals/get-started,"This guide covers more in-depth SEO tasks, such as preparing for a site move or managing a multi-lingual site."
2026-01-02,4,Technical SEO: The Ultimate Guide for 2026,https://backlinko.com/technical-seo-guide,Technical SEO is the process of ensuring that a website meets the technical requirements of modern search engines with the goal of improved organic rankings.
2026-01-02,5,What Is Technical SEO? The Definitive Guide,https://searchengineland.com/guide/what-is-technical-seo,"Technical SEO is the process of optimizing your website's infrastructure so search engines can crawl, render, index, and serve your content correctly and efficiently."
2026-01-02,6,The Beginner's Guide to Technical SEO,https://ahrefs.com/blog/technical-seo/,"Technical SEO is the practice of optimizing your website to help search engines find, crawl, understand, and index your pages."
2026-01-02,7,What is Technical SEO?,https://www.geeksforgeeks.org/blogs/what-is-technical-seo/,Technical SEO is a method of optimizing a website's technical elements to improve its performance in SERPs or Search Engine Result Pages.
2026-01-02,8,Technical SEO,https://www.mtu.edu/umc/services/websites/seo/technical-seo/,"Technical SEO refers to measurable metrics which affect search engine optimization and search engine rankings that web developers, programmers, and infrastructure managers can influence."
2026-01-03,1,TechnicalSEO.com | SEO Tools & Insights,https://technicalseo.com/,"Technical SEO is defined by configurations that can be implemented to the website and server (e.g. page elements, HTTP header responses, XML Sitemaps, redirects ..."
2026-01-03,2,What Is Technical SEO? Basics and Best Practices,https://www.semrush.com/blog/technical-seo/,"Technical SEO is about improving your website to make it easier for search engines to find, understand, and store your content."
2026-01-03,3,Technical SEO Techniques and Strategies,https://developers.google.com/search/docs/fundamentals/get-started,"This guide covers more in-depth SEO tasks, such as preparing for a site move or managing a multi-lingual site."
2026-01-03,4,Technical SEO: The Ultimate Guide for 2026,https://backlinko.com/technical-seo-guide,Technical SEO is the process of ensuring that a website meets the technical requirements of modern search engines with the goal of improved organic rankings.
2026-01-03,5,What Is Technical SEO? The Definitive Guide,https://searchengineland.com/guide/what-is-technical-seo,"Technical SEO is the process of optimizing your website's infrastructure so search engines can crawl, render, index, and serve your content correctly and ..."
2026-01-03,6,The Beginner's Guide to Technical SEO,https://ahrefs.com/blog/technical-seo/,"Technical SEO is the practice of optimizing your website to help search engines find, crawl, understand, and index your pages."
2026-01-03,7,What is Technical SEO?,https://www.geeksforgeeks.org/blogs/what-is-technical-seo/,Technical SEO is a method of optimizing a website's technical elements to improve its performance in SERPs or Search Engine Result Pages.
2026-01-03,8,Technical SEO,https://www.mtu.edu/umc/services/websites/seo/technical-seo/,Technical SEO is the process of optimizing the technical aspects of a website to improve its search engine rankings.
2026-01-04,1,TechnicalSEO.com | SEO Tools & Insights,https://technicalseo.com/,"Technical SEO is defined by configurations that can be implemented to the website and server (e.g. page elements, HTTP header responses, XML Sitemaps, redirects ..."
2026-01-04,2,Technical SEO Techniques and Strategies,https://developers.google.com/search/docs/fundamentals/get-started,"This guide covers more in-depth SEO tasks, such as preparing for a site move or managing a multi-lingual site."
2026-01-04,3,What Is Technical SEO? Basics and Best Practices,https://www.semrush.com/blog/technical-seo/,"Technical SEO is about improving your website to make it easier for search engines to find, understand, and store your content."
2026-01-04,4,Technical SEO: The Ultimate Guide for 2026,https://backlinko.com/technical-seo-guide,Technical SEO is the process of ensuring that a website meets the technical requirements of modern search engines with the goal of improved organic rankings.
2026-01-04,5,What Is Technical SEO? The Definitive Guide,https://searchengineland.com/guide/what-is-technical-seo,"Technical SEO is the process of optimizing your website's infrastructure so search engines can crawl, render, index, and serve your content correctly and ..."
2026-01-04,6,The Beginner's Guide to Technical SEO,https://ahrefs.com/blog/technical-seo/,"Technical SEO is the practice of optimizing your website to help search engines find, crawl, understand, and index your pages."
2026-01-04,7,What is Technical SEO?,https://www.geeksforgeeks.org/blogs/what-is-technical-seo/,Technical SEO is a method of optimizing a website's technical elements to improve its performance in SERPs or Search Engine Result Pages.
2026-01-04,8,Advanced Technical SEO: A Complete Guide,https://www.searchenginejournal.com/technical-seo/,"Technical SEO covers all of the technical aspects of your website that affect SEO, from hosting and site speed to XML sitemaps and meta robots tags."
2026-01-05,1,TechnicalSEO.com | SEO Tools & Insights,https://technicalseo.com/,"Technical SEO is defined by configurations that can be implemented to the website and server (e.g. page elements, HTTP header responses, XML Sitemaps, redirects ..."
2026-01-05,2,Technical SEO Techniques and Strategies,https://developers.google.com/search/docs/fundamentals/get-started,"This guide covers more in-depth SEO tasks, such as preparing for a site move or managing a multi-lingual site."
2026-01-05,3,What Is Technical SEO? Basics and Best Practices,https://www.semrush.com/blog/technical-seo/,"Technical SEO is about improving your website to make it easier for search engines to find, understand, and store your content."
2026-01-05,4,Technical SEO: The Ultimate Guide for 2026,https://backlinko.com/technical-seo-guide,Technical SEO is the process of ensuring that a website meets the technical requirements of modern search engines with the goal of improved organic rankings.
2026-01-05,5,What Is Technical SEO? The Definitive Guide,https://searchengineland.com/guide/what-is-technical-seo,"Technical SEO is the process of optimizing your website's infrastructure so search engines can crawl, render, index, and serve your content correctly and ..."
2026-01-05,6,The Beginner's Guide to Technical SEO,https://ahrefs.com/blog/technical-seo/,"Technical SEO is the practice of optimizing your website to help search engines find, crawl, understand, and index your pages."
2026-01-05,7,What is Technical SEO?,https://www.geeksforgeeks.org/blogs/what-is-technical-seo/,Technical SEO is a method of optimizing a website's technical elements to improve its performance in SERPs or Search Engine Result Pages.
2026-01-06,1,TechnicalSEO.com | SEO Tools & Insights,https://technicalseo.com/,"Technical SEO is defined by configurations that can be implemented to the website and server (e.g. page elements, HTTP header responses, XML Sitemaps, redirects ..."
2026-01-06,2,Technical SEO Techniques and Strategies,https://developers.google.com/search/docs/fundamentals/get-started,"This guide covers more in-depth SEO tasks, such as preparing for a site move or managing a multi-lingual site."
2026-01-06,3,What Is Technical SEO? Basics and Best Practices,https://www.semrush.com/blog/technical-seo/,"Technical SEO is about improving your website to make it easier for search engines to find, understand, and store your content."
2026-01-06,4,Technical SEO: The Ultimate Guide for 2026,https://backlinko.com/technical-seo-guide,Technical SEO is the process of ensuring that a website meets the technical requirements of modern search engines with the goal of improved organic rankings.
2026-01-06,5,What Is Technical SEO? The Definitive Guide,https://searchengineland.com/guide/what-is-technical-seo,"Technical SEO is the process of optimizing your website's infrastructure so search engines can crawl, render, index, and serve your content correctly and ..."
2026-01-06,6,The Beginner's Guide to Technical SEO,https://ahrefs.com/blog/technical-seo/,"Technical SEO is the practice of optimizing your website to help search engines find, crawl, understand, and index your pages."
2026-01-06,7,What is Technical SEO?,https://www.geeksforgeeks.org/blogs/what-is-technical-seo/,Technical SEO is a method of optimizing a website's technical elements to improve its performance in SERPs or Search Engine Result Pages.
2026-01-07,1,TechnicalSEO.com | SEO Tools & Insights,https://technicalseo.com/,"Technical SEO is defined by configurations that can be implemented to the website and server (e.g. page elements, HTTP header responses, XML Sitemaps, redirects ..."
2026-01-07,2,Technical SEO Techniques and Strategies,https://developers.google.com/search/docs/fundamentals/get-started,"This guide covers more in-depth SEO tasks, such as preparing for a site move or managing a multi-lingual site."
2026-01-07,3,What Is Technical SEO? Basics and Best Practices,https://www.semrush.com/blog/technical-seo/,"Technical SEO is about improving your website to make it easier for search engines to find, understand, and store your content."
2026-01-07,4,Technical SEO: The Ultimate Guide for 2026,https://backlinko.com/technical-seo-guide,Technical SEO is the process of ensuring that a website meets the technical requirements of modern search engines with the goal of improved organic rankings.
2026-01-07,5,What Is Technical SEO? The Definitive Guide,https://searchengineland.com/guide/what-is-technical-seo,"Technical SEO is the process of optimizing your website's infrastructure so search engines can crawl, render, index, and serve your content correctly and ..."
2026-01-07,6,Technical SEO,https://www.mtu.edu/umc/services/websites/seo/technical-seo/,Technical SEO is the process of optimizing the technical aspects of a website to improve its search engine rankings.
2026-01-07,7,The Beginner's Guide to Technical SEO,https://ahrefs.com/blog/technical-seo/,"Technical SEO is the practice of optimizing your website to help search engines find, crawl, understand, and index your pages."
2026-01-07,8,What is Technical SEO?,https://www.geeksforgeeks.org/blogs/what-is-technical-seo/,"Technical SEO, in simple terms, refers to the optimization of a website's technical elements to improve its visibility and performance in ..."
2026-01-08,1,TechnicalSEO.com | SEO Tools & Insights,https://technicalseo.com/,"Technical SEO is defined by configurations that can be implemented to the website and server (e.g. page elements, HTTP header responses, XML Sitemaps, redirects ..."
2026-01-08,2,Technical SEO Techniques and Strategies,https://developers.google.com/search/docs/fundamentals/get-started,"This guide covers more in-depth SEO tasks, such as preparing for a site move or managing a multi-lingual site."
2026-01-08,3,What Is Technical SEO? Basics and Best Practices,https://www.semrush.com/blog/technical-seo/,"Technical SEO is about improving your website to make it easier for search engines to find, understand, and store your content."
2026-01-08,4,Technical SEO: The Ultimate Guide for 2026,https://backlinko.com/technical-seo-guide,Technical SEO is the process of ensuring that a website meets the technical requirements of modern search engines with the goal of improved organic rankings.
2026-01-08,5,What Is Technical SEO? The Definitive Guide,https://searchengineland.com/guide/what-is-technical-seo,"Technical SEO is the process of optimizing your website's infrastructure so search engines can crawl, render, index, and serve your content correctly and ..."
2026-01-08,6,The Beginner's Guide to Technical SEO,https://ahrefs.com/blog/technical-seo/,"Technical SEO is the practice of optimizing your website to help search engines find, crawl, understand, and index your pages."
2026-01-08,7,What is Technical SEO?,https://www.geeksforgeeks.org/blogs/what-is-technical-seo/,Technical SEO is a method of optimizing a website's technical elements to improve its performance in SERPs or Search Engine Result Pages.
2026-01-09,1,TechnicalSEO.com | SEO Tools & Insights,https://technicalseo.com/,"Technical SEO is defined by configurations that can be implemented to the website and server (e.g. page elements, HTTP header responses, XML Sitemaps, redirects ..."
2026-01-09,2,What Is Technical SEO? Basics and Best Practices,https://www.semrush.com/blog/technical-seo/,"Technical SEO is about improving your website to make it easier for search engines to find, understand, and store your content."
2026-01-09,3,Technical SEO Techniques and Strategies,https://developers.google.com/search/docs/fundamentals/get-started,"This guide covers more in-depth SEO tasks, such as preparing for a site move or managing a multi-lingual site."
2026-01-09,4,What Is Technical SEO? The Definitive Guide,https://searchengineland.com/guide/what-is-technical-seo,"Technical SEO is the process of optimizing your website's infrastructure so search engines can crawl, render, index, and serve your content correctly and ..."
2026-01-09,5,Technical SEO: The Ultimate Guide for 2026,https://backlinko.com/technical-seo-guide,Technical SEO is the process of ensuring that a website meets the technical requirements of modern search engines with the goal of improved organic rankings.
2026-01-09,6,The Beginner's Guide to Technical SEO,https://ahrefs.com/blog/technical-seo/,"Technical SEO is the practice of optimizing your website to help search engines find, crawl, understand, and index your pages."
2026-01-09,7,What is Technical SEO?,https://www.geeksforgeeks.org/blogs/what-is-technical-seo/,Technical SEO is a method of optimizing a website's technical elements to improve its performance in SERPs or Search Engine Result Pages.
2026-01-09,8,Advanced Technical SEO: A Complete Guide,https://www.searchenginejournal.com/technical-seo/,"Technical SEO covers all of the technical aspects of your website that affect SEO, from hosting and site speed to XML sitemaps and meta robots tags."
2026-01-10,1,TechnicalSEO.com | SEO Tools & Insights,https://technicalseo.com/,"Technical SEO is defined by configurations that can be implemented to the website and server (e.g. page elements, HTTP header responses, XML Sitemaps, redirects ..."
2026-01-10,2,Technical SEO Techniques and Strategies,https://developers.google.com/search/docs/fundamentals/get-started,"This guide covers more in-depth SEO tasks, such as preparing for a site move or managing a multi-lingual site."
2026-01-10,3,What Is Technical SEO? Basics and Best Practices,https://www.semrush.com/blog/technical-seo/,"Technical SEO is about improving your website to make it easier for search engines to find, understand, and store your content."
2026-01-10,4,What Is Technical SEO? The Definitive Guide,https://searchengineland.com/guide/what-is-technical-seo,"Technical SEO is the process of optimizing your website's infrastructure so search engines can crawl, render, index, and serve your content correctly and ..."
2026-01-10,5,The Beginner's Guide to Technical SEO,https://ahrefs.com/blog/technical-seo/,"Technical SEO is the practice of optimizing your website to help search engines find, crawl, understand, and index your pages."
2026-01-10,6,Technical SEO,https://www.mtu.edu/umc/services/websites/seo/technical-seo/,Technical SEO is the process of optimizing the technical aspects of a website to improve its search engine rankings.
2026-01-10,7,What is Technical SEO?,https://www.geeksforgeeks.org/blogs/what-is-technical-seo/,"Technical SEO, in simple terms, refers to the optimization of a website's technical elements to improve its visibility and performance in ..."
2026-01-10,8,Introduction to Technical SEO Basics,https://neilpatel.com/blog/technical-seo/,Technical SEO is the process of making your site more easily crawled and indexed by search engines. Learn the importance and basics of tech SEO here.
2026-01-11,1,TechnicalSEO.com | SEO Tools & Insights,https://technicalseo.com/,"Technical SEO is defined by configurations that can be implemented to the website and server (e.g. page elements, HTTP header responses, XML Sitemaps, redirects ..."
2026-01-11,2,What Is Technical SEO? Basics and Best Practices,https://www.semrush.com/blog/technical-seo/,"Technical SEO is about improving your website to make it easier for search engines to find, understand, and store your content."
2026-01-11,3,Technical SEO Techniques and Strategies,https://developers.google.com/search/docs/fundamentals/get-started,"This guide covers more in-depth SEO tasks, such as preparing for a site move or managing a multi-lingual site."
2026-01-11,4,The Beginner's Guide to Technical SEO,https://ahrefs.com/blog/technical-seo/,"Technical SEO is the practice of optimizing your website to help search engines find, crawl, understand, and index your pages."
2026-01-11,5,What Is Technical SEO? The Definitive Guide,https://searchengineland.com/guide/what-is-technical-seo,"Technical SEO is the process of optimizing your website's infrastructure so search engines can crawl, render, index, and serve your content correctly and ..."
2026-01-11,6,What is Technical SEO?,https://www.geeksforgeeks.org/blogs/what-is-technical-seo/,Technical SEO is a method of optimizing a website's technical elements to improve its performance in SERPs or Search Engine Result Pages.
2026-01-11,7,Advanced Technical SEO: A Complete Guide,https://www.searchenginejournal.com/technical-seo/,"Technical SEO covers all of the technical aspects of your website that affect SEO, from hosting and site speed to XML sitemaps and meta robots tags."
2026-01-11,8,Introduction to Technical SEO Basics,https://neilpatel.com/blog/technical-seo/,Technical SEO is the process of making your site more easily crawled and indexed by search engines. Learn the importance and basics of tech SEO here.
2026-01-12,1,TechnicalSEO.com | SEO Tools & Insights,https://technicalseo.com/,"Technical SEO is defined by configurations that can be implemented to the website and server (e.g. page elements, HTTP header responses, XML Sitemaps, redirects ..."
2026-01-12,2,What Is Technical SEO? Basics and Best Practices,https://www.semrush.com/blog/technical-seo/,"Technical SEO is about improving your website to make it easier for search engines to find, understand, and store your content."
2026-01-12,3,Technical SEO Techniques and Strategies,https://developers.google.com/search/docs/fundamentals/get-started,"This guide covers more in-depth SEO tasks, such as preparing for a site move or managing a multi-lingual site."
2026-01-12,4,Technical SEO: The Ultimate Guide for 2026,https://backlinko.com/technical-seo-guide,Technical SEO is the process of ensuring that a website meets the technical requirements of modern search engines with the goal of improved organic rankings.
2026-01-12,5,What Is Technical SEO? The Definitive Guide,https://searchengineland.com/guide/what-is-technical-seo,"Technical SEO is the process of optimizing your website's infrastructure so search engines can crawl, render, index, and serve your content correctly and ..."
2026-01-12,6,The Beginner's Guide to Technical SEO,https://ahrefs.com/blog/technical-seo/,"Technical SEO is the practice of optimizing your website to help search engines find, crawl, understand, and index your pages."
2026-01-12,7,What is Technical SEO?,https://www.geeksforgeeks.org/blogs/what-is-technical-seo/,Technical SEO is a method of optimizing a website's technical elements to improve its performance in SERPs or Search Engine Result Pages.
2026-01-12,8,Advanced Technical SEO: A Complete Guide,https://www.searchenginejournal.com/technical-seo/,"Technical SEO covers all of the technical aspects of your website that affect SEO, from hosting and site speed to XML sitemaps and meta robots tags."
2026-01-13,1,TechnicalSEO.com | SEO Tools & Insights,https://technicalseo.com/,"Technical SEO is defined by configurations that can be implemented to the website and server (e.g. page elements, HTTP header responses, XML Sitemaps, redirects ..."
2026-01-13,2,What Is Technical SEO? Basics and Best Practices,https://www.semrush.com/blog/technical-seo/,"Technical SEO is about improving your website to make it easier for search engines to find, understand, and store your content."
2026-01-13,3,Technical SEO Techniques and Strategies,https://developers.google.com/search/docs/fundamentals/get-started,"This guide covers more in-depth SEO tasks, such as preparing for a site move or managing a multi-lingual site."
2026-01-13,4,Technical SEO: The Ultimate Guide for 2026,https://backlinko.com/technical-seo-guide,Technical SEO is the process of ensuring that a website meets the technical requirements of modern search engines with the goal of improved organic rankings.
2026-01-13,5,What Is Technical SEO? The Definitive Guide,https://searchengineland.com/guide/what-is-technical-seo,"Technical SEO is the process of optimizing your website's infrastructure so search engines can crawl, render, index, and serve your content correctly and ..."
2026-01-13,6,The Beginner's Guide to Technical SEO,https://ahrefs.com/blog/technical-seo/,"Technical SEO is the practice of optimizing your website to help search engines find, crawl, understand, and index your pages."
2026-01-13,7,What is Technical SEO?,https://www.geeksforgeeks.org/blogs/what-is-technical-seo/,Technical SEO is a method of optimizing a website's technical elements to improve its performance in SERPs or Search Engine Result Pages.
2026-01-13,8,Advanced Technical SEO: A Complete Guide,https://www.searchenginejournal.com/technical-seo/,"Technical SEO covers all of the technical aspects of your website that affect SEO, from hosting and site speed to XML sitemaps and meta robots tags."
2026-01-14,1,TechnicalSEO.com | SEO Tools & Insights,https://technicalseo.com/,"Technical SEO is defined by configurations that can be implemented to the website and server (e.g. page elements, HTTP header responses, XML Sitemaps, redirects ..."
2026-01-14,2,What Is Technical SEO? Basics and Best Practices,https://www.semrush.com/blog/technical-seo/,"Technical SEO is about improving your website to make it easier for search engines to find, understand, and store your content."
2026-01-14,3,Technical SEO Techniques and Strategies,https://developers.google.com/search/docs/fundamentals/get-started,"This guide covers more in-depth SEO tasks, such as preparing for a site move or managing a multi-lingual site."
2026-01-14,4,Technical SEO: The Ultimate Guide for 2026,https://backlinko.com/technical-seo-guide,Technical SEO is the process of ensuring that a website meets the technical requirements of modern search engines with the goal of improved organic rankings.
2026-01-14,5,What Is Technical SEO? The Definitive Guide,https://searchengineland.com/guide/what-is-technical-seo,"Technical SEO is the process of optimizing your website's infrastructure so search engines can crawl, render, index, and serve your content correctly and ..."
2026-01-14,6,The Beginner's Guide to Technical SEO,https://ahrefs.com/blog/technical-seo/,"Technical SEO is the practice of optimizing your website to help search engines find, crawl, understand, and index your pages."
2026-01-14,7,What is Technical SEO?,https://www.geeksforgeeks.org/blogs/what-is-technical-seo/,Technical SEO is a method of optimizing a website's technical elements to improve its performance in SERPs or Search Engine Result Pages.
2026-01-14,8,Advanced Technical SEO: A Complete Guide,https://www.searchenginejournal.com/technical-seo/,"Technical SEO covers all of the technical aspects of your website that affect SEO, from hosting and site speed to XML sitemaps and meta robots tags."
2026-01-15,1,TechnicalSEO.com | SEO Tools & Insights,https://technicalseo.com/,"Technical SEO is defined by configurations that can be implemented to the website and server (e.g. page elements, HTTP header responses, XML Sitemaps, redirects ..."
2026-01-15,2,What Is Technical SEO? Basics and Best Practices,https://www.semrush.com/blog/technical-seo/,"Technical SEO is about improving your website to make it easier for search engines to find, understand, and store your content."
2026-01-15,3,Technical SEO Techniques and Strategies,https://developers.google.com/search/docs/fundamentals/get-started,"This guide covers more in-depth SEO tasks, such as preparing for a site move or managing a multi-lingual site."
2026-01-15,4,Technical SEO: The Ultimate Guide for 2026,https://backlinko.com/technical-seo-guide,Technical SEO is the process of ensuring that a website meets the technical requirements of modern search engines with the goal of improved organic rankings.
2026-01-15,5,The Beginner's Guide to Technical SEO,https://ahrefs.com/blog/technical-seo/,"Technical SEO is the practice of optimizing your website to help search engines find, crawl, understand, and index your pages."
2026-01-15,6,What Is Technical SEO? The Definitive Guide,https://searchengineland.com/guide/what-is-technical-seo,"Technical SEO is the process of optimizing your website's infrastructure so search engines can crawl, render, index, and serve your content correctly and ..."
2026-01-15,7,What is Technical SEO?,https://www.geeksforgeeks.org/blogs/what-is-technical-seo/,Technical SEO is a method of optimizing a website's technical elements to improve its performance in SERPs or Search Engine Result Pages.
2026-01-15,8,Advanced Technical SEO: A Complete Guide,https://www.searchenginejournal.com/technical-seo/,"Technical SEO covers all of the technical aspects of your website that affect SEO, from hosting and site speed to XML sitemaps and meta robots tags."
2026-01-16,1,TechnicalSEO.com | SEO Tools & Insights,https://technicalseo.com/,"Technical SEO is defined by configurations that can be implemented to the website and server (e.g. page elements, HTTP header responses, XML Sitemaps, redirects ..."
2026-01-16,2,What Is Technical SEO? Basics and Best Practices,https://www.semrush.com/blog/technical-seo/,"Technical SEO is about improving your website to make it easier for search engines to find, understand, and store your content."
2026-01-16,3,Technical SEO Techniques and Strategies,https://developers.google.com/search/docs/fundamentals/get-started,"This guide covers more in-depth SEO tasks, such as preparing for a site move or managing a multi-lingual site."
2026-01-16,4,What Is Technical SEO? The Definitive Guide,https://searchengineland.com/guide/what-is-technical-seo,"Technical SEO is the process of optimizing your website's infrastructure so search engines can crawl, render, index, and serve your content correctly and ..."
2026-01-16,5,Technical SEO: The Ultimate Guide for 2026,https://backlinko.com/technical-seo-guide,Technical SEO is the process of ensuring that a website meets the technical requirements of modern search engines with the goal of improved organic rankings.
2026-01-16,6,8 Technical SEO Tips to Improve Website Traffic,https://www.business.com/articles/6-technical-seo-tips-to-increase-traffic-and-conversions-on-your-website/,"Technical SEO refers to techniques that web designers and developers use to optimize your website so search engines, such as Google can understand and index ..."
2026-01-16,7,Technical SEO,https://www.mtu.edu/umc/services/websites/seo/technical-seo/,Technical SEO is the process of optimizing the technical aspects of a website to improve its search engine rankings.
2026-01-16,8,What is Technical SEO?,https://www.geeksforgeeks.org/blogs/what-is-technical-seo/,"Technical SEO, in simple terms, refers to the optimization of a website's technical elements to improve its visibility and performance in ..."
2026-01-16,9,The Beginner's Guide to Technical SEO,https://ahrefs.com/blog/technical-seo/,"Technical SEO is the practice of optimizing your website to help search engines find, crawl, understand, and index your pages."
2026-01-17,1,TechnicalSEO.com | SEO Tools & Insights,https://technicalseo.com/,"Technical SEO is defined by configurations that can be implemented to the website and server (e.g. page elements, HTTP header responses, XML Sitemaps, redirects ..."
2026-01-17,2,What Is Technical SEO? Basics and Best Practices,https://www.semrush.com/blog/technical-seo/,"Technical SEO is about improving your website to make it easier for search engines to find, understand, and store your content."
2026-01-17,3,Technical SEO Techniques and Strategies,https://developers.google.com/search/docs/fundamentals/get-started,"This guide covers more in-depth SEO tasks, such as preparing for a site move or managing a multi-lingual site."
2026-01-17,4,Technical SEO: The Ultimate Guide for 2026,https://backlinko.com/technical-seo-guide,Technical SEO is the process of ensuring that a website meets the technical requirements of modern search engines with the goal of improved organic rankings.
2026-01-17,5,What Is Technical SEO? The Definitive Guide,https://searchengineland.com/guide/what-is-technical-seo,"Technical SEO is the process of optimizing your website's infrastructure so search engines can crawl, render, index, and serve your content correctly and ..."
2026-01-17,6,8 Technical SEO Tips to Improve Website Traffic,https://www.business.com/articles/6-technical-seo-tips-to-increase-traffic-and-conversions-on-your-website/,"Technical SEO refers to techniques that web designers and developers use to optimize your website so search engines, such as Google can understand and index ..."
2026-01-17,7,Technical SEO,https://www.mtu.edu/umc/services/websites/seo/technical-seo/,Technical SEO is the process of optimizing the technical aspects of a website to improve its search engine rankings.
2026-01-17,8,What is Technical SEO?,https://www.geeksforgeeks.org/blogs/what-is-technical-seo/,"Technical SEO, in simple terms, refers to the optimization of a website's technical elements to improve its visibility and performance in ..."
2026-01-17,9,The Beginner's Guide to Technical SEO,https://ahrefs.com/blog/technical-seo/,"Technical SEO is the practice of optimizing your website to help search engines find, crawl, understand, and index your pages."
2026-01-18,1,TechnicalSEO.com | SEO Tools & Insights,https://technicalseo.com/,"Technical SEO is defined by configurations that can be implemented to the website and server (e.g. page elements, HTTP header responses, XML Sitemaps, redirects ..."
2026-01-18,2,What Is Technical SEO? Basics and Best Practices,https://www.semrush.com/blog/technical-seo/,"Technical SEO is about improving your website to make it easier for search engines to find, understand, and store your content."
2026-01-18,3,Technical SEO Techniques and Strategies,https://developers.google.com/search/docs/fundamentals/get-started,"This guide covers more in-depth SEO tasks, such as preparing for a site move or managing a multi-lingual site."
2026-01-18,4,Technical SEO: The Ultimate Guide for 2026,https://backlinko.com/technical-seo-guide,Technical SEO is the process of ensuring that a website meets the technical requirements of modern search engines with the goal of improved organic rankings.
2026-01-18,5,What Is Technical SEO? The Definitive Guide,https://searchengineland.com/guide/what-is-technical-seo,"Technical SEO is the process of optimizing your website's infrastructure so search engines can crawl, render, index, and serve your content correctly and ..."
2026-01-18,6,8 Technical SEO Tips to Improve Website Traffic,https://www.business.com/articles/6-technical-seo-tips-to-increase-traffic-and-conversions-on-your-website/,"Technical SEO refers to techniques that web designers and developers use to optimize your website so search engines, such as Google can understand and index ..."
2026-01-18,7,Technical SEO,https://www.mtu.edu/umc/services/websites/seo/technical-seo/,Technical SEO is the process of optimizing the technical aspects of a website to improve its search engine rankings.
2026-01-18,8,What is Technical SEO?,https://www.geeksforgeeks.org/blogs/what-is-technical-seo/,"Technical SEO, in simple terms, refers to the optimization of a website's technical elements to improve its visibility and performance in ..."
2026-01-18,9,The Beginner's Guide to Technical SEO,https://ahrefs.com/blog/technical-seo/,"Technical SEO is the practice of optimizing your website to help search engines find, crawl, understand, and index your pages."
2026-01-19,1,What Is Technical SEO? Basics and Best Practices,https://www.semrush.com/blog/technical-seo/,"Technical SEO is about improving your website to make it easier for search engines to find, understand, and store your content."
2026-01-19,2,Technical SEO Techniques and Strategies,https://developers.google.com/search/docs/fundamentals/get-started,"This guide covers more in-depth SEO tasks, such as preparing for a site move or managing a multi-lingual site."
2026-01-19,3,TechnicalSEO.com | SEO Tools & Insights,https://technicalseo.com/,"Technical SEO is defined by configurations that can be implemented to the website and server (e.g. page elements, HTTP header responses, XML Sitemaps, redirects ..."
2026-01-19,4,Technical SEO: The Ultimate Guide for 2026,https://backlinko.com/technical-seo-guide,Technical SEO is the process of ensuring that a website meets the technical requirements of modern search engines with the goal of improved organic rankings.
2026-01-19,5,The Beginner's Guide to Technical SEO,https://ahrefs.com/blog/technical-seo/,"Technical SEO is the practice of optimizing your website to help search engines find, crawl, understand, and index your pages."
2026-01-19,6,What Is Technical SEO? The Definitive Guide,https://searchengineland.com/guide/what-is-technical-seo,"Technical SEO is the process of optimizing your website's infrastructure so search engines can crawl, render, index, and serve your content correctly and ..."
2026-01-19,7,What is Technical SEO?,https://www.geeksforgeeks.org/blogs/what-is-technical-seo/,Technical SEO is a method of optimizing a website's technical elements to improve its performance in SERPs or Search Engine Result Pages.
2026-01-19,8,Advanced Technical SEO: A Complete Guide,https://www.searchenginejournal.com/technical-seo/,"Technical SEO covers all of the technical aspects of your website that affect SEO, from hosting and site speed to XML sitemaps and meta robots tags."
2026-01-20,1,What Is Technical SEO? Basics and Best Practices,https://www.semrush.com/blog/technical-seo/,"Technical SEO is about improving your website to make it easier for search engines to find, understand, and store your content."
2026-01-20,2,TechnicalSEO.com | SEO Tools & Insights,https://technicalseo.com/,"Technical SEO is defined by configurations that can be implemented to the website and server (e.g. page elements, HTTP header responses, XML Sitemaps, redirects ..."
2026-01-20,3,The Beginner's Guide to Technical SEO,https://ahrefs.com/blog/technical-seo/,"Technical SEO is the practice of optimizing your website to help search engines find, crawl, understand, and index your pages."
2026-01-20,4,Technical SEO Techniques and Strategies,https://developers.google.com/search/docs/fundamentals/get-started,"This guide covers more in-depth SEO tasks, such as preparing for a site move or managing a multi-lingual site."
2026-01-20,5,8 Technical SEO Tips to Improve Website Traffic,https://www.business.com/articles/6-technical-seo-tips-to-increase-traffic-and-conversions-on-your-website/,"Technical SEO refers to techniques that web designers and developers use to optimize your website so search engines, such as Google can understand and index ..."
2026-01-20,6,Technical SEO Certification - Moz Academy,https://academy.moz.com/path/technical-seo-certification-series,"This is a five-part series focused on technical SEO, combining video lessons with tasks and knowledge checks to gauge your understanding."
2026-01-20,7,What Is Technical SEO? The Definitive Guide,https://searchengineland.com/guide/what-is-technical-seo,"Technical SEO is the process of optimizing your website's infrastructure so search engines can crawl, render, index, and serve your content correctly and ..."
2026-01-20,8,Technical SEO: The Ultimate Guide for 2026,https://backlinko.com/technical-seo-guide,Technical SEO is the process of ensuring that a website meets the technical requirements of modern search engines with the goal of improved organic rankings.
2026-01-21,1,TechnicalSEO.com | SEO Tools & Insights,https://technicalseo.com/,"Technical SEO is defined by configurations that can be implemented to the website and server (e.g. page elements, HTTP header responses, XML Sitemaps, redirects ..."
2026-01-21,2,What Is Technical SEO? Basics and Best Practices,https://www.semrush.com/blog/technical-seo/,"Technical SEO is about improving your website to make it easier for search engines to find, understand, and store your content."
2026-01-21,3,The Beginner's Guide to Technical SEO,https://ahrefs.com/blog/technical-seo/,"Technical SEO is the practice of optimizing your website to help search engines find, crawl, understand, and index your pages."
2026-01-21,4,Technical SEO Techniques and Strategies,https://developers.google.com/search/docs/fundamentals/get-started,"This guide covers more in-depth SEO tasks, such as preparing for a site move or managing a multi-lingual site."
2026-01-21,5,Technical SEO: The Ultimate Guide for 2026,https://backlinko.com/technical-seo-guide,Technical SEO is the process of ensuring that a website meets the technical requirements of modern search engines with the goal of improved organic rankings.
2026-01-21,6,What is Technical SEO?,https://www.geeksforgeeks.org/blogs/what-is-technical-seo/,Technical SEO is a method of optimizing a website's technical elements to improve its performance in SERPs or Search Engine Result Pages.
2026-01-21,7,What Is Technical SEO? The Definitive Guide,https://searchengineland.com/guide/what-is-technical-seo,"Technical SEO is the process of optimizing your website's infrastructure so search engines can crawl, render, index, and serve your content correctly and ..."
2026-01-21,8,8 Technical SEO Tips to Improve Website Traffic,https://www.business.com/articles/6-technical-seo-tips-to-increase-traffic-and-conversions-on-your-website/,"Technical SEO refers to techniques that web designers and developers use to optimize your website so search engines, such as Google can understand and index ..."
2026-01-22,1,What Is Technical SEO? Basics and Best Practices,https://www.semrush.com/blog/technical-seo/,"Technical SEO is about improving your website to make it easier for search engines to find, understand, and store your content."
2026-01-22,2,TechnicalSEO.com | SEO Tools & Insights,https://technicalseo.com/,"Technical SEO is defined by configurations that can be implemented to the website and server (e.g. page elements, HTTP header responses, XML Sitemaps, redirects ..."
2026-01-22,3,Technical SEO Techniques and Strategies,https://developers.google.com/search/docs/fundamentals/get-started,"This guide covers more in-depth SEO tasks, such as preparing for a site move or managing a multi-lingual site."
2026-01-22,4,The Beginner's Guide to Technical SEO,https://ahrefs.com/blog/technical-seo/,"Technical SEO is the practice of optimizing your website to help search engines find, crawl, understand, and index your pages."
2026-01-22,5,Technical SEO: The Ultimate Guide for 2026,https://backlinko.com/technical-seo-guide,Technical SEO is the process of ensuring that a website meets the technical requirements of modern search engines with the goal of improved organic rankings.
2026-01-22,6,What Is Technical SEO? The Definitive Guide,https://searchengineland.com/guide/what-is-technical-seo,"Technical SEO is the process of optimizing your website's infrastructure so search engines can crawl, render, index, and serve your content correctly and ..."
2026-01-22,7,What is Technical SEO?,https://www.geeksforgeeks.org/blogs/what-is-technical-seo/,Technical SEO is a method of optimizing a website's technical elements to improve its performance in SERPs or Search Engine Result Pages.
2026-01-22,8,8 Technical SEO Tips to Improve Website Traffic,https://www.business.com/articles/6-technical-seo-tips-to-increase-traffic-and-conversions-on-your-website/,"Technical SEO refers to techniques that web designers and developers use to optimize your website so search engines, such as Google can understand and index ..."
2026-01-23,1,TechnicalSEO.com | SEO Tools & Insights,https://technicalseo.com/,"Technical SEO is defined by configurations that can be implemented to the website and server (e.g. page elements, HTTP header responses, XML Sitemaps, redirects ..."
2026-01-23,2,What Is Technical SEO? Basics and Best Practices,https://www.semrush.com/blog/technical-seo/,"Technical SEO is about improving your website to make it easier for search engines to find, understand, and store your content."
2026-01-23,3,8 Technical SEO Tips to Improve Website Traffic,https://www.business.com/articles/6-technical-seo-tips-to-increase-traffic-and-conversions-on-your-website/,"Technical SEO refers to techniques that web designers and developers use to optimize your website so search engines, such as Google can understand and index ..."
2026-01-23,4,Technical SEO Techniques and Strategies,https://developers.google.com/search/docs/fundamentals/get-started,"This guide covers more in-depth SEO tasks, such as preparing for a site move or managing a multi-lingual site."
2026-01-23,5,The Beginner's Guide to Technical SEO,https://ahrefs.com/blog/technical-seo/,"Technical SEO is the practice of optimizing your website to help search engines find, crawl, understand, and index your pages. It helps increase ..."
2026-01-23,6,Introduction to Technical SEO Basics,https://neilpatel.com/blog/technical-seo/,"What is technical SEO? Technical SEO involves optimizing the infrastructure of your website to ensure it can be crawled, indexed, and ranked by search engines."
2026-01-23,7,SEO Tools | TechnicalSEO.com,https://technicalseo.com/tools/,"A set of free SEO tools to help you make your website technically search engine friendly: robots.txt testing tool, fetch & render, schema.org structured ..."
2026-01-23,8,What is Technical SEO?,https://www.geeksforgeeks.org/blogs/what-is-technical-seo/,Technical SEO is a method of optimizing a website's technical elements to improve its performance in SERPs or Search Engine Result Pages.
2026-01-24,1,What Is Technical SEO? Basics and Best Practices,https://www.semrush.com/blog/technical-seo/,"Technical SEO is about improving your website to make it easier for search engines to find, understand, and store your content."
2026-01-24,2,TechnicalSEO.com | SEO Tools & Insights,https://technicalseo.com/,"Technical SEO is defined by configurations that can be implemented to the website and server (e.g. page elements, HTTP header responses, XML Sitemaps, redirects ..."
2026-01-24,3,Technical SEO Techniques and Strategies,https://developers.google.com/search/docs/fundamentals/get-started,"This guide covers more in-depth SEO tasks, such as preparing for a site move or managing a multi-lingual site."
2026-01-24,4,Technical SEO: The Ultimate Guide for 2026,https://backlinko.com/technical-seo-guide,Technical SEO is the process of ensuring that a website meets the technical requirements of modern search engines with the goal of improved organic rankings.
2026-01-24,5,What Is Technical SEO? The Definitive Guide,https://searchengineland.com/guide/what-is-technical-seo,"Technical SEO is the process of optimizing your website's infrastructure so search engines can crawl, render, index, and serve your content correctly and ..."
2026-01-24,6,Technical SEO,https://www.mtu.edu/umc/services/websites/seo/technical-seo/,Technical SEO is the process of optimizing the technical aspects of a website to improve its search engine rankings.
2026-01-24,7,8 Technical SEO Tips to Improve Website Traffic,https://www.business.com/articles/6-technical-seo-tips-to-increase-traffic-and-conversions-on-your-website/,"Technical SEO refers to techniques that web designers and developers use to optimize your website so search engines, such as Google can understand and index ..."
2026-01-24,8,What is Technical SEO?,https://www.geeksforgeeks.org/blogs/what-is-technical-seo/,"Technical SEO, in simple terms, refers to the optimization of a website's technical elements to improve its visibility and performance in ..."
2026-01-24,9,The Beginner's Guide to Technical SEO,https://ahrefs.com/blog/technical-seo/,"Technical SEO is the practice of optimizing your website to help search engines find, crawl, understand, and index your pages."
2026-01-25,1,What Is Technical SEO? Basics and Best Practices,https://www.semrush.com/blog/technical-seo/,"Technical SEO is about improving your website to make it easier for search engines to find, understand, and store your content."
2026-01-25,2,Technical SEO Techniques and Strategies,https://developers.google.com/search/docs/fundamentals/get-started,"This guide covers more in-depth SEO tasks, such as preparing for a site move or managing a multi-lingual site."
2026-01-25,3,TechnicalSEO.com | SEO Tools & Insights,https://technicalseo.com/,"Technical SEO is defined by configurations that can be implemented to the website and server (e.g. page elements, HTTP header responses, XML Sitemaps, redirects ..."
2026-01-25,4,Technical SEO: The Ultimate Guide for 2025,https://backlinko.com/technical-seo-guide,Technical SEO is the process of ensuring that a website meets the technical requirements of modern search engines with the goal of improved organic rankings.
2026-01-25,5,The Beginner's Guide to Technical SEO,https://ahrefs.com/blog/technical-seo/,"Technical SEO is the practice of optimizing your website to help search engines find, crawl, understand, and index your pages."
2026-01-25,6,What is Technical SEO?,https://www.geeksforgeeks.org/blogs/what-is-technical-seo/,Technical SEO is a method of optimizing a website's technical elements to improve its performance in SERPs or Search Engine Result Pages.
2026-01-25,7,6 Technical SEO Tips to Improve Website Traffic,https://www.business.com/articles/6-technical-seo-tips-to-increase-traffic-and-conversions-on-your-website/,"Technical SEO refers to techniques that web designers and developers use to optimize your website so search engines, such as Google can understand and index ..."
2026-01-25,8,What Is Technical SEO? The Definitive Guide,https://searchengineland.com/guide/what-is-technical-seo,"Technical SEO is the process of optimizing your website's infrastructure so search engines can crawl, render, index, and serve your content correctly and ..."
2026-01-26,1,What Is Technical SEO? Basics and Best Practices,https://www.semrush.com/blog/technical-seo/,"Technical SEO is about improving your website to make it easier for search engines to find, understand, and store your content."
2026-01-26,2,TechnicalSEO.com | SEO Tools & Insights,https://technicalseo.com/,"Technical SEO is defined by configurations that can be implemented to the website and server (e.g. page elements, HTTP header responses, XML Sitemaps, redirects ..."
2026-01-26,3,The Beginner's Guide to Technical SEO,https://ahrefs.com/blog/technical-seo/,"Technical SEO is the practice of optimizing your website to help search engines find, crawl, understand, and index your pages."
2026-01-26,4,What is Technical SEO?,https://www.geeksforgeeks.org/blogs/what-is-technical-seo/,Technical SEO is a method of optimizing a website's technical elements to improve its performance in SERPs or Search Engine Result Pages.
2026-01-26,5,8 Technical SEO Tips to Improve Website Traffic,https://www.business.com/articles/6-technical-seo-tips-to-increase-traffic-and-conversions-on-your-website/,"Technical SEO refers to techniques that web designers and developers use to optimize your website so search engines, such as Google can understand and index ..."
2026-01-26,6,Technical SEO Techniques and Strategies,https://developers.google.com/search/docs/fundamentals/get-started,"This guide covers more in-depth SEO tasks, such as preparing for a site move or managing a multi-lingual site."
2026-01-26,7,Introduction to Technical SEO Basics,https://neilpatel.com/blog/technical-seo/,Technical SEO is the process of making your site more easily crawled and indexed by search engines. Learn the importance and basics of tech SEO here.
2026-01-26,8,What Is Technical SEO? The Best Checklist in 2025,https://aioseo.com/technical-seo/,"Technical SEO refers to optimizing the non-content elements of a website to improve crawlability, indexability, and ultimately improve search ..."
2026-01-27,1,What Is Technical SEO? Basics and Best Practices,https://www.semrush.com/blog/technical-seo/,"Technical SEO is about improving your website to make it easier for search engines to find, understand, and store your content."
2026-01-27,2,TechnicalSEO.com | SEO Tools & Insights,https://technicalseo.com/,"Technical SEO is defined by configurations that can be implemented to the website and server (e.g. page elements, HTTP header responses, XML Sitemaps, redirects ..."
2026-01-27,3,Technical SEO Techniques and Strategies,https://developers.google.com/search/docs/fundamentals/get-started,"This guide covers more in-depth SEO tasks, such as preparing for a site move or managing a multi-lingual site."
2026-01-27,4,Technical SEO: The Ultimate Guide for 2026,https://backlinko.com/technical-seo-guide,Technical SEO is the process of ensuring that a website meets the technical requirements of modern search engines with the goal of improved organic rankings.
2026-01-27,5,The Beginner's Guide to Technical SEO,https://ahrefs.com/blog/technical-seo/,"Technical SEO is the practice of optimizing your website to help search engines find, crawl, understand, and index your pages."
2026-01-27,6,What is Technical SEO?,https://www.geeksforgeeks.org/blogs/what-is-technical-seo/,Technical SEO is a method of optimizing a website's technical elements to improve its performance in SERPs or Search Engine Result Pages.
2026-01-27,7,What Is Technical SEO? The Definitive Guide,https://searchengineland.com/guide/what-is-technical-seo,"Technical SEO is the process of optimizing your website's infrastructure so search engines can crawl, render, index, and serve your content correctly and ..."
2026-01-27,8,8 Technical SEO Tips to Improve Website Traffic,https://www.business.com/articles/6-technical-seo-tips-to-increase-traffic-and-conversions-on-your-website/,"Technical SEO refers to techniques that web designers and developers use to optimize your website so search engines, such as Google can understand and index ..."
2026-01-27,9,Technical SEO,https://www.mtu.edu/umc/services/websites/seo/technical-seo/,Technical SEO is the process of optimizing the technical aspects of a website to improve its search engine rankings.
2026-01-28,1,What Is Technical SEO? Basics and Best Practices,https://www.semrush.com/blog/technical-seo/,"Technical SEO is about improving your website to make it easier for search engines to find, understand, and store your content."
2026-01-28,2,TechnicalSEO.com | SEO Tools & Insights,https://technicalseo.com/,"Technical SEO is defined by configurations that can be implemented to the website and server (e.g. page elements, HTTP header responses, XML Sitemaps, redirects ..."
2026-01-28,3,Technical SEO: The Ultimate Guide for 2026,https://backlinko.com/technical-seo-guide,Technical SEO is the process of ensuring that a website meets the technical requirements of modern search engines with the goal of improved organic rankings.
2026-01-28,4,Technical SEO Techniques and Strategies,https://developers.google.com/search/docs/fundamentals/get-started,"This guide covers more in-depth SEO tasks, such as preparing for a site move or managing a multi-lingual site."
2026-01-28,5,The Beginner's Guide to Technical SEO,https://ahrefs.com/blog/technical-seo/,"Technical SEO is the practice of optimizing your website to help search engines find, crawl, understand, and index your pages."
2026-01-28,6,What is Technical SEO?,https://www.geeksforgeeks.org/blogs/what-is-technical-seo/,Technical SEO is a method of optimizing a website's technical elements to improve its performance in SERPs or Search Engine Result Pages.
2026-01-28,7,What Is Technical SEO? The Definitive Guide,https://searchengineland.com/guide/what-is-technical-seo,"Technical SEO is the process of optimizing your website's infrastructure so search engines can crawl, render, index, and serve your content correctly and ..."
2026-01-28,8,8 Technical SEO Tips to Improve Website Traffic,https://www.business.com/articles/6-technical-seo-tips-to-increase-traffic-and-conversions-on-your-website/,"Technical SEO refers to techniques that web designers and developers use to optimize your website so search engines, such as Google can understand and index ..."
2026-01-29,1,TechnicalSEO.com | SEO Tools & Insights,https://technicalseo.com/,"Technical SEO is defined by configurations that can be implemented to the website and server (e.g. page elements, HTTP header responses, XML Sitemaps, redirects ..."
2026-01-29,2,What Is Technical SEO? Basics and Best Practices,https://www.semrush.com/blog/technical-seo/,"Technical SEO is about improving your website to make it easier for search engines to find, understand, and store your content."
2026-01-29,3,Technical SEO Techniques and Strategies,https://developers.google.com/search/docs/fundamentals/get-started,"This guide covers more in-depth SEO tasks, such as preparing for a site move or managing a multi-lingual site."
2026-01-29,4,Technical SEO: The Ultimate Guide for 2026,https://backlinko.com/technical-seo-guide,Technical SEO is the process of ensuring that a website meets the technical requirements of modern search engines with the goal of improved organic rankings.
2026-01-29,5,8 Technical SEO Tips to Improve Website Traffic,https://www.business.com/articles/6-technical-seo-tips-to-increase-traffic-and-conversions-on-your-website/,"Technical SEO refers to techniques that web designers and developers use to optimize your website so search engines, such as Google can understand and index ..."
2026-01-29,6,What Is Technical SEO? The Definitive Guide,https://searchengineland.com/guide/what-is-technical-seo,"Technical SEO is the process of optimizing your website's infrastructure so search engines can crawl, render, index, and serve your content correctly and ..."
2026-01-29,7,The Beginner's Guide to Technical SEO,https://ahrefs.com/blog/technical-seo/,"Technical SEO is the practice of optimizing your website to help search engines find, crawl, understand, and index your pages."
2026-01-30,1,TechnicalSEO.com | SEO Tools & Insights,https://technicalseo.com/,"Technical SEO is defined by configurations that can be implemented to the website and server (e.g. page elements, HTTP header responses, XML Sitemaps, redirects ..."
2026-01-30,2,What Is Technical SEO? Basics and Best Practices,https://www.semrush.com/blog/technical-seo/,"Technical SEO is about improving your website to make it easier for search engines to find, understand, and store your content."
2026-01-30,3,Technical SEO Techniques and Strategies,https://developers.google.com/search/docs/fundamentals/get-started,"This guide covers more in-depth SEO tasks, such as preparing for a site move or managing a multi-lingual site."
2026-01-30,4,Technical SEO: The Ultimate Guide for 2026,https://backlinko.com/technical-seo-guide,Technical SEO is the process of ensuring that a website meets the technical requirements of modern search engines with the goal of improved organic rankings.
2026-01-30,5,What Is Technical SEO? The Definitive Guide,https://searchengineland.com/guide/what-is-technical-seo,"Technical SEO is the process of optimizing your website's infrastructure so search engines can crawl, render, index, and serve your content correctly and ..."
2026-01-30,6,8 Technical SEO Tips to Improve Website Traffic,https://www.business.com/articles/6-technical-seo-tips-to-increase-traffic-and-conversions-on-your-website/,"Technical SEO refers to techniques that web designers and developers use to optimize your website so search engines, such as Google can understand and index ..."
2026-01-30,7,Technical SEO,https://www.mtu.edu/umc/services/websites/seo/technical-seo/,Technical SEO is the process of optimizing the technical aspects of a website to improve its search engine rankings.
2026-01-30,8,The Beginner's Guide to Technical SEO,https://ahrefs.com/blog/technical-seo/,"Technical SEO is the practice of optimizing your website to help search engines find, crawl, understand, and index your pages."
2026-01-31,1,TechnicalSEO.com | SEO Tools & Insights,https://technicalseo.com/,"Technical SEO is defined by configurations that can be implemented to the website and server (e.g. page elements, HTTP header responses, XML Sitemaps, redirects ..."
2026-01-31,2,What Is Technical SEO? Basics and Best Practices,https://www.semrush.com/blog/technical-seo/,"Technical SEO is about improving your website to make it easier for search engines to find, understand, and store your content."
2026-01-31,3,Technical SEO Techniques and Strategies,https://developers.google.com/search/docs/fundamentals/get-started,"This guide covers more in-depth SEO tasks, such as preparing for a site move or managing a multi-lingual site."
2026-01-31,4,The Beginner's Guide to Technical SEO,https://ahrefs.com/blog/technical-seo/,"Technical SEO is the practice of optimizing your website to help search engines find, crawl, understand, and index your pages."
2026-01-31,5,Technical SEO,https://www.mtu.edu/umc/services/websites/seo/technical-seo/,Technical SEO is the process of optimizing the technical aspects of a website to improve its search engine rankings.
2026-01-31,6,8 Technical SEO Tips to Improve Website Traffic,https://www.business.com/articles/6-technical-seo-tips-to-increase-traffic-and-conversions-on-your-website/,"Technical SEO refers to techniques that web designers and developers use to optimize your website so search engines, such as Google can understand and index ..."
2026-01-31,7,What Is Technical SEO? The Definitive Guide,https://searchengineland.com/guide/what-is-technical-seo,"Technical SEO is the process of optimizing your website's infrastructure so search engines can crawl, render, index, and serve your content correctly and ..."
2026-02-01,1,TechnicalSEO.com | SEO Tools & Insights,https://technicalseo.com/,"Technical SEO is defined by configurations that can be implemented to the website and server (e.g. page elements, HTTP header responses, XML Sitemaps, redirects ..."
2026-02-01,2,What Is Technical SEO? Basics and Best Practices,https://www.semrush.com/blog/technical-seo/,"Technical SEO is about improving your website to make it easier for search engines to find, understand, and store your content."
2026-02-01,3,Technical SEO Techniques and Strategies,https://developers.google.com/search/docs/fundamentals/get-started,"This guide covers more in-depth SEO tasks, such as preparing for a site move or managing a multi-lingual site."
2026-02-01,4,Technical SEO,https://www.mtu.edu/umc/services/websites/seo/technical-seo/,Technical SEO is the process of optimizing the technical aspects of a website to improve its search engine rankings.
2026-02-01,5,The Beginner's Guide to Technical SEO,https://ahrefs.com/blog/technical-seo/,"Technical SEO is the practice of optimizing your website to help search engines find, crawl, understand, and index your pages."
2026-02-01,6,What is Technical SEO?,https://www.geeksforgeeks.org/blogs/what-is-technical-seo/,Technical SEO is a method of optimizing a website's technical elements to improve its performance in SERPs or Search Engine Result Pages.
2026-02-01,7,8 Technical SEO Tips to Improve Website Traffic,https://www.business.com/articles/6-technical-seo-tips-to-increase-traffic-and-conversions-on-your-website/,"Technical SEO refers to techniques that web designers and developers use to optimize your website so search engines, such as Google can understand and index ..."
2026-02-01,8,Technical SEO Certification - Moz Academy,https://academy.moz.com/path/technical-seo-certification-series,"This is a five-part series focused on technical SEO, combining video lessons with tasks and knowledge checks to gauge your understanding."
2026-02-02,1,TechnicalSEO.com | SEO Tools & Insights,https://technicalseo.com/,"Technical SEO is defined by configurations that can be implemented to the website and server (e.g. page elements, HTTP header responses, XML Sitemaps, redirects ..."
2026-02-02,2,What Is Technical SEO? Basics and Best Practices,https://www.semrush.com/blog/technical-seo/,"Technical SEO is about improving your website to make it easier for search engines to find, understand, and store your content."
2026-02-02,3,Technical SEO Techniques and Strategies,https://developers.google.com/search/docs/fundamentals/get-started,"This guide covers more in-depth SEO tasks, such as preparing for a site move or managing a multi-lingual site."
2026-02-02,4,Technical SEO,https://www.mtu.edu/umc/services/websites/seo/technical-seo/,Technical SEO is the process of optimizing the technical aspects of a website to improve its search engine rankings.
2026-02-02,5,The Beginner's Guide to Technical SEO,https://ahrefs.com/blog/technical-seo/,"Technical SEO is the practice of optimizing your website to help search engines find, crawl, understand, and index your pages."
2026-02-02,6,8 Technical SEO Tips to Improve Website Traffic,https://www.business.com/articles/6-technical-seo-tips-to-increase-traffic-and-conversions-on-your-website/,"Technical SEO refers to techniques that web designers and developers use to optimize your website so search engines, such as Google can understand and index ..."
2026-02-02,7,What Is Technical SEO? The Definitive Guide,https://searchengineland.com/guide/what-is-technical-seo,"Technical SEO is the process of optimizing your website's infrastructure so search engines can crawl, render, index, and serve your content correctly and ..."
2026-02-03,1,TechnicalSEO.com | SEO Tools & Insights,https://technicalseo.com/,"Technical SEO is defined by configurations that can be implemented to the website and server (e.g. page elements, HTTP header responses, XML Sitemaps, redirects ..."
2026-02-03,2,What Is Technical SEO? Basics and Best Practices,https://www.semrush.com/blog/technical-seo/,"Technical SEO is about improving your website to make it easier for search engines to find, understand, and store your content."
2026-02-03,3,Technical SEO Techniques and Strategies,https://developers.google.com/search/docs/fundamentals/get-started,"This guide covers more in-depth SEO tasks, such as preparing for a site move or managing a multi-lingual site."
2026-02-03,4,The Beginner's Guide to Technical SEO,https://ahrefs.com/blog/technical-seo/,"Technical SEO is the practice of optimizing your website to help search engines find, crawl, understand, and index your pages."
2026-02-03,5,Technical SEO,https://www.mtu.edu/umc/services/websites/seo/technical-seo/,Technical SEO is the process of optimizing the technical aspects of a website to improve its search engine rankings.
2026-02-03,6,What is Technical SEO?,https://www.geeksforgeeks.org/blogs/what-is-technical-seo/,Technical SEO is a method of optimizing a website's technical elements to improve its performance in SERPs or Search Engine Result Pages.
2026-02-03,7,What Is Technical SEO? The Definitive Guide,https://searchengineland.com/guide/what-is-technical-seo,"Technical SEO is the process of optimizing your website's infrastructure so search engines can crawl, render, index, and serve your content correctly and ..."
2026-02-03,8,Technical SEO [Beginner's Guide to SEO] - Moz,https://moz.com/beginners-guide-to-seo/technical-seo,Basic technical knowledge will help you optimize your site for search engines and establish credibility with developers.
2026-02-04,1,What Is Technical SEO? Basics and Best Practices,https://www.semrush.com/blog/technical-seo/,"Technical SEO is about improving your website to make it easier for search engines to find, understand, and store your content."
2026-02-04,2,TechnicalSEO.com | SEO Tools & Insights,https://technicalseo.com/,"Technical SEO is defined by configurations that can be implemented to the website and server (e.g. page elements, HTTP header responses, XML Sitemaps, redirects ..."
2026-02-04,3,Technical SEO Techniques and Strategies,https://developers.google.com/search/docs/fundamentals/get-started,"This guide covers more in-depth SEO tasks, such as preparing for a site move or managing a multi-lingual site."
2026-02-04,4,The Beginner's Guide to Technical SEO,https://ahrefs.com/blog/technical-seo/,"Technical SEO is the practice of optimizing your website to help search engines find, crawl, understand, and index your pages."
2026-02-04,5,What Is Technical SEO? The Definitive Guide,https://searchengineland.com/guide/what-is-technical-seo,"Technical SEO is the process of optimizing your website's infrastructure so search engines can crawl, render, index, and serve your content correctly and ..."
2026-02-04,6,What is Technical SEO?,https://www.geeksforgeeks.org/blogs/what-is-technical-seo/,Technical SEO is a method of optimizing a website's technical elements to improve its performance in SERPs or Search Engine Result Pages.
2026-02-04,7,Technical SEO,https://www.mtu.edu/umc/services/websites/seo/technical-seo/,Technical SEO is the process of optimizing the technical aspects of a website to improve its search engine rankings.
2026-02-05,1,What Is Technical SEO? Basics and Best Practices,https://www.semrush.com/blog/technical-seo/,"Technical SEO is about improving your website to make it easier for search engines to find, understand, and store your content."
2026-02-05,2,TechnicalSEO.com | SEO Tools & Insights,https://technicalseo.com/,"Technical SEO is defined by configurations that can be implemented to the website and server (e.g. page elements, HTTP header responses, XML Sitemaps, redirects ..."
2026-02-05,3,Technical SEO Techniques and Strategies,https://developers.google.com/search/docs/fundamentals/get-started,"This guide covers more in-depth SEO tasks, such as preparing for a site move or managing a multi-lingual site."
2026-02-05,4,Technical SEO,https://www.mtu.edu/umc/services/websites/seo/technical-seo/,Technical SEO is the process of optimizing the technical aspects of a website to improve its search engine rankings. It involves making changes to a website's ...
2026-02-05,5,What Is Technical SEO? The Definitive Guide,https://searchengineland.com/guide/what-is-technical-seo,"Technical SEO is the process of optimizing your website's infrastructure so search engines can crawl, render, index, and serve your content correctly and ..."
2026-02-05,6,The Beginner's Guide to Technical SEO,https://ahrefs.com/blog/technical-seo/,"Technical SEO is the practice of optimizing your website to help search engines find, crawl, understand, and index your pages."
2026-02-05,7,8 Technical SEO Tips to Improve Website Traffic,https://www.business.com/articles/6-technical-seo-tips-to-increase-traffic-and-conversions-on-your-website/,"Technical SEO refers to techniques that web designers and developers use to optimize your website so search engines, such as Google can understand and index ..."
2026-02-06,1,What Is Technical SEO? Basics and Best Practices,https://www.semrush.com/blog/technical-seo/,"Technical SEO is about improving your website to make it easier for search engines to find, understand, and store your content."
2026-02-06,2,TechnicalSEO.com | SEO Tools & Insights,https://technicalseo.com/,"Technical SEO is defined by configurations that can be implemented to the website and server (e.g. page elements, HTTP header responses, XML Sitemaps, redirects ..."
2026-02-06,3,Technical SEO Techniques and Strategies,https://developers.google.com/search/docs/fundamentals/get-started,"This guide covers more in-depth SEO tasks, such as preparing for a site move or managing a multi-lingual site."
2026-02-06,4,The Beginner's Guide to Technical SEO,https://ahrefs.com/blog/technical-seo/,"Technical SEO is the practice of optimizing your website to help search engines find, crawl, understand, and index your pages."
2026-02-06,5,8 Technical SEO Tips to Improve Website Traffic,https://www.business.com/articles/6-technical-seo-tips-to-increase-traffic-and-conversions-on-your-website/,"Technical SEO refers to techniques that web designers and developers use to optimize your website so search engines, such as Google can understand and index ..."
2026-02-06,6,What Is Technical SEO? The Best Checklist in 2025,https://aioseo.com/technical-seo/,"Technical SEO refers to optimizing the non-content elements of a website to improve crawlability, indexability, and ultimately improve search ..."
2026-02-06,7,What is Technical SEO?,https://www.geeksforgeeks.org/blogs/what-is-technical-seo/,Technical SEO is a method of optimizing a website's technical elements to improve its performance in SERPs or Search Engine Result Pages.
2026-02-07,1,TechnicalSEO.com | SEO Tools & Insights,https://technicalseo.com/,"Technical SEO is defined by configurations that can be implemented to the website and server (e.g. page elements, HTTP header responses, XML Sitemaps, redirects ..."
2026-02-07,2,What Is Technical SEO? Basics and Best Practices,https://www.semrush.com/blog/technical-seo/,"Technical SEO is about improving your website to make it easier for search engines to find, understand, and store your content."
2026-02-07,3,Technical SEO Techniques and Strategies,https://developers.google.com/search/docs/fundamentals/get-started,"This guide covers more in-depth SEO tasks, such as preparing for a site move or managing a multi-lingual site."
2026-02-07,4,Technical SEO,https://www.mtu.edu/umc/services/websites/seo/technical-seo/,Technical SEO is the process of optimizing the technical aspects of a website to improve its search engine rankings.
2026-02-07,5,The Beginner's Guide to Technical SEO,https://ahrefs.com/blog/technical-seo/,"Technical SEO is the practice of optimizing your website to help search engines find, crawl, understand, and index your pages."
2026-02-07,6,What Is Technical SEO? The Definitive Guide,https://searchengineland.com/guide/what-is-technical-seo,"Technical SEO is the process of optimizing your website's infrastructure so search engines can crawl, render, index, and serve your content correctly and ..."
2026-02-07,7,8 Technical SEO Tips to Improve Website Traffic,https://www.business.com/articles/6-technical-seo-tips-to-increase-traffic-and-conversions-on-your-website/,"Technical SEO refers to techniques that web designers and developers use to optimize your website so search engines, such as Google can understand and index ..."
2026-02-08,1,What Is Technical SEO? Basics and Best Practices,https://www.semrush.com/blog/technical-seo/,"Technical SEO is about improving your website to make it easier for search engines to find, understand, and store your content."
2026-02-08,2,Technical SEO Techniques and Strategies,https://developers.google.com/search/docs/fundamentals/get-started,"This guide covers more in-depth SEO tasks, such as preparing for a site move or managing a multi-lingual site."
2026-02-08,3,TechnicalSEO.com | SEO Tools & Insights,https://technicalseo.com/,"Technical SEO is defined by configurations that can be implemented to the website and server (e.g. page elements, HTTP header responses, XML Sitemaps, redirects ..."
2026-02-08,4,Technical SEO,https://www.mtu.edu/umc/services/websites/seo/technical-seo/,Technical SEO is the process of optimizing the technical aspects of a website to improve its search engine rankings.
2026-02-08,5,The Beginner's Guide to Technical SEO,https://ahrefs.com/blog/technical-seo/,"Technical SEO is the practice of optimizing your website to help search engines find, crawl, understand, and index your pages."
2026-02-08,6,What Is Technical SEO? The Definitive Guide,https://searchengineland.com/guide/what-is-technical-seo,"Technical SEO is the process of optimizing your website's infrastructure so search engines can crawl, render, index, and serve your content correctly and ..."
2026-02-08,7,What is Technical SEO?,https://www.geeksforgeeks.org/blogs/what-is-technical-seo/,Technical SEO is a method of optimizing a website's technical elements to improve its performance in SERPs or Search Engine Result Pages.
2026-02-09,1,What Is Technical SEO? Basics and Best Practices,https://www.semrush.com/blog/technical-seo/,"Technical SEO is about improving your website to make it easier for search engines to find, understand, and store your content."
2026-02-09,2,Technical SEO Techniques and Strategies,https://developers.google.com/search/docs/fundamentals/get-started,"This guide covers more in-depth SEO tasks, such as preparing for a site move or managing a multi-lingual site."
2026-02-09,3,TechnicalSEO.com | SEO Tools & Insights,https://technicalseo.com/,"Technical SEO is defined by configurations that can be implemented to the website and server (e.g. page elements, HTTP header responses, XML Sitemaps, redirects ..."
2026-02-09,4,Technical SEO,https://www.mtu.edu/umc/services/websites/seo/technical-seo/,Technical SEO is the process of optimizing the technical aspects of a website to improve its search engine rankings.
2026-02-09,5,The Beginner's Guide to Technical SEO,https://ahrefs.com/blog/technical-seo/,"Technical SEO is the practice of optimizing your website to help search engines find, crawl, understand, and index your pages."
2026-02-09,6,What Is Technical SEO? The Definitive Guide,https://searchengineland.com/guide/what-is-technical-seo,"Technical SEO is the process of optimizing your website's infrastructure so search engines can crawl, render, index, and serve your content correctly and ..."
2026-02-09,7,What is Technical SEO?,https://www.geeksforgeeks.org/blogs/what-is-technical-seo/,Technical SEO is a method of optimizing a website's technical elements to improve its performance in SERPs or Search Engine Result Pages.
2026-02-10,1,What Is Technical SEO? Basics and Best Practices,https://www.semrush.com/blog/technical-seo/,"Technical SEO is about improving your website to make it easier for search engines to find, understand, and store your content."
2026-02-10,2,Technical SEO Techniques and Strategies,https://developers.google.com/search/docs/fundamentals/get-started,"This guide covers more in-depth SEO tasks, such as preparing for a site move or managing a multi-lingual site."
2026-02-10,3,TechnicalSEO.com | SEO Tools & Insights,https://technicalseo.com/,"Technical SEO is defined by configurations that can be implemented to the website and server (e.g. page elements, HTTP header responses, XML Sitemaps, redirects ..."
2026-02-10,4,Technical SEO,https://www.mtu.edu/umc/services/websites/seo/technical-seo/,Technical SEO is the process of optimizing the technical aspects of a website to improve its search engine rankings.
2026-02-10,5,The Beginner's Guide to Technical SEO,https://ahrefs.com/blog/technical-seo/,"Technical SEO is the practice of optimizing your website to help search engines find, crawl, understand, and index your pages."
2026-02-10,6,What Is Technical SEO? The Definitive Guide,https://searchengineland.com/guide/what-is-technical-seo,"Technical SEO is the process of optimizing your website's infrastructure so search engines can crawl, render, index, and serve your content correctly and ..."
2026-02-10,7,What is Technical SEO?,https://www.geeksforgeeks.org/blogs/what-is-technical-seo/,Technical SEO is a method of optimizing a website's technical elements to improve its performance in SERPs or Search Engine Result Pages.
2026-02-10,8,Technical SEO [Beginner's Guide to SEO] - Moz,https://moz.com/beginners-guide-to-seo/technical-seo,Basic technical knowledge will help you optimize your site for search engines and establish credibility with developers.
2026-02-11,1,TechnicalSEO.com | SEO Tools & Insights,https://technicalseo.com/,"Technical SEO is defined by configurations that can be implemented to the website and server (e.g. page elements, HTTP header responses, XML Sitemaps, redirects ..."
2026-02-11,2,What Is Technical SEO? Basics and Best Practices,https://www.semrush.com/blog/technical-seo/,"Technical SEO is about improving your website to make it easier for search engines to find, understand, and store your content."
2026-02-11,3,Technical SEO Techniques and Strategies,https://developers.google.com/search/docs/fundamentals/get-started,"This guide covers more in-depth SEO tasks, such as preparing for a site move or managing a multi-lingual site."
2026-02-11,4,The Beginner's Guide to Technical SEO,https://ahrefs.com/blog/technical-seo/,"Technical SEO is the practice of optimizing your website to help search engines find, crawl, understand, and index your pages. It helps increase ..."
2026-02-11,5,8 Technical SEO Tips to Improve Website Traffic,https://www.business.com/articles/6-technical-seo-tips-to-increase-traffic-and-conversions-on-your-website/,"Technical SEO refers to techniques that web designers and developers use to optimize your website so search engines, such as Google can understand and index ..."
2026-02-11,6,What Is Technical SEO? The Best Checklist in 2025,https://aioseo.com/technical-seo/,Technical SEO refers to optimizing the technical elements of your website and server that impact your performance and user experience.
2026-02-11,7,Technical SEO,https://www.mtu.edu/umc/services/websites/seo/technical-seo/,Technical SEO is the process of optimizing the technical aspects of a website to improve its search engine rankings. It involves making changes to a website's ...
2026-02-11,8,What is Technical SEO?,https://www.geeksforgeeks.org/blogs/what-is-technical-seo/,Technical SEO is a method of optimizing a website's technical elements to improve its performance in SERPs or Search Engine Result Pages.
2026-02-12,1,What Is Technical SEO? Basics and Best Practices,https://www.semrush.com/blog/technical-seo/,"Technical SEO is about improving your website to make it easier for search engines to find, understand, and store your content."
2026-02-12,2,TechnicalSEO.com | SEO Tools & Insights,https://technicalseo.com/,"Technical SEO is defined by configurations that can be implemented to the website and server (e.g. page elements, HTTP header responses, XML Sitemaps, redirects ..."
2026-02-12,3,Technical SEO Techniques and Strategies,https://developers.google.com/search/docs/fundamentals/get-started,"This guide covers more in-depth SEO tasks, such as preparing for a site move or managing a multi-lingual site."
2026-02-12,4,Technical SEO,https://www.mtu.edu/umc/services/websites/seo/technical-seo/,Technical SEO is the process of optimizing the technical aspects of a website to improve its search engine rankings.
2026-02-12,5,The Beginner's Guide to Technical SEO,https://ahrefs.com/blog/technical-seo/,"Technical SEO is the practice of optimizing your website to help search engines find, crawl, understand, and index your pages."
2026-02-12,6,What Is Technical SEO? The Definitive Guide,https://searchengineland.com/guide/what-is-technical-seo,"Technical SEO is the process of optimizing your website's infrastructure so search engines can crawl, render, index, and serve your content correctly and ..."
2026-02-12,7,Technical SEO For Beginners: The 4 Must-Have Components,https://www.klientboost.com/seo/technical-seo/,Technical SEO refers to optimizing the technical aspects of your website so search engine spiders can better crawl/index it and ensure it's secure for visitors.
2026-02-13,1,TechnicalSEO.com | SEO Tools & Insights,https://technicalseo.com/,"Technical SEO is defined by configurations that can be implemented to the website and server (e.g. page elements, HTTP header responses, XML Sitemaps, redirects ..."
2026-02-13,2,What Is Technical SEO? Basics and Best Practices,https://www.semrush.com/blog/technical-seo/,"Technical SEO is about improving your website to make it easier for search engines to find, understand, and store your content."
2026-02-13,3,Technical SEO Techniques and Strategies,https://developers.google.com/search/docs/fundamentals/get-started,"This guide covers more in-depth SEO tasks, such as preparing for a site move or managing a multi-lingual site."
2026-02-13,4,Technical SEO,https://www.mtu.edu/umc/services/websites/seo/technical-seo/,Technical SEO is the process of optimizing the technical aspects of a website to improve its search engine rankings.
2026-02-13,5,Technical SEO [Beginner's Guide to SEO] - Moz,https://moz.com/beginners-guide-to-seo/technical-seo,Basic technical knowledge will help you optimize your site for search engines and establish credibility with developers.
2026-02-13,6,The Beginner's Guide to Technical SEO,https://ahrefs.com/blog/technical-seo/,"Technical SEO is the practice of optimizing your website to help search engines find, crawl, understand, and index your pages."
2026-02-13,7,What Is Technical SEO? The Definitive Guide,https://searchengineland.com/guide/what-is-technical-seo,"Technical SEO is the process of optimizing your website's infrastructure so search engines can crawl, render, index, and serve your content correctly and ..."
2026-02-13,8,Technical SEO For Beginners: The 4 Must-Have Components,https://www.klientboost.com/seo/technical-seo/,Technical SEO refers to optimizing the technical aspects of your website so search engine spiders can better crawl/index it and ensure it's secure for visitors.
2026-02-13,9,What's technical SEO? 8 technical aspects everyone ...,https://yoast.com/what-is-technical-seo/,Technical SEO is all about improving a website's technical aspects to increase its pages' ranking in the search engines.
2026-02-14,1,TechnicalSEO.com | SEO Tools & Insights,https://technicalseo.com/,"Technical SEO is defined by configurations that can be implemented to the website and server (e.g. page elements, HTTP header responses, XML Sitemaps, redirects ..."
2026-02-14,2,What Is Technical SEO? Basics and Best Practices,https://www.semrush.com/blog/technical-seo/,"Technical SEO is about improving your website to make it easier for search engines to find, understand, and store your content."
2026-02-14,3,Technical SEO Techniques and Strategies,https://developers.google.com/search/docs/fundamentals/get-started,"This guide covers more in-depth SEO tasks, such as preparing for a site move or managing a multi-lingual site."
2026-02-14,4,Technical SEO,https://www.mtu.edu/umc/services/websites/seo/technical-seo/,Technical SEO is the process of optimizing the technical aspects of a website to improve its search engine rankings.
2026-02-14,5,What's technical SEO? 8 technical aspects everyone ...,https://yoast.com/what-is-technical-seo/,Technical SEO is all about improving a website's technical aspects to increase its pages' ranking in the search engines.
2026-02-14,6,What Is Technical SEO? The Definitive Guide,https://searchengineland.com/guide/what-is-technical-seo,"Technical SEO is the process of optimizing your website's infrastructure so search engines can crawl, render, index, and serve your content correctly and ..."
2026-02-14,7,Technical SEO [Beginner's Guide to SEO] - Moz,https://moz.com/beginners-guide-to-seo/technical-seo,Basic technical knowledge will help you optimize your site for search engines and establish credibility with developers.
2026-02-15,1,TechnicalSEO.com | SEO Tools & Insights,https://technicalseo.com/,"Technical SEO is defined by configurations that can be implemented to the website and server (e.g. page elements, HTTP header responses, XML Sitemaps, redirects ..."
2026-02-15,2,What Is Technical SEO? Basics and Best Practices,https://www.semrush.com/blog/technical-seo/,"Technical SEO is about improving your website to make it easier for search engines to find, understand, and store your content."
2026-02-15,3,Technical SEO Techniques and Strategies,https://developers.google.com/search/docs/fundamentals/get-started,"This guide covers more in-depth SEO tasks, such as preparing for a site move or managing a multi-lingual site. Control how Google crawls and indexes your site."
2026-02-15,4,Technical SEO,https://www.mtu.edu/umc/services/websites/seo/technical-seo/,Technical SEO is the process of optimizing the technical aspects of a website to improve its search engine rankings.
2026-02-15,5,What's technical SEO? 8 technical aspects everyone ...,https://yoast.com/what-is-technical-seo/,Technical SEO is all about improving a website's technical aspects to increase its pages' ranking in the search engines.
2026-02-15,6,What Is Technical SEO? The Definitive Guide,https://searchengineland.com/guide/what-is-technical-seo,"Technical SEO is the process of optimizing your website's infrastructure so search engines can crawl, render, index, and serve your content correctly and ..."
2026-02-15,7,What is Technical SEO?,https://www.geeksforgeeks.org/blogs/what-is-technical-seo/,Technical SEO is a method of optimizing a website's technical elements to improve its performance in SERPs or Search Engine Result Pages.
2026-02-16,1,TechnicalSEO.com | SEO Tools & Insights,https://technicalseo.com/,"Technical SEO is defined by configurations that can be implemented to the website and server (e.g. page elements, HTTP header responses, XML Sitemaps, redirects ..."
2026-02-16,2,What Is Technical SEO? Basics and Best Practices,https://www.semrush.com/blog/technical-seo/,"Technical SEO is about improving your website to make it easier for search engines to find, understand, and store your content."
2026-02-16,3,Technical SEO Techniques and Strategies,https://developers.google.com/search/docs/fundamentals/get-started,"This guide covers more in-depth SEO tasks, such as preparing for a site move or managing a multi-lingual site."
2026-02-16,4,What's technical SEO? 8 technical aspects everyone ...,https://yoast.com/what-is-technical-seo/,Technical SEO is all about improving a website's technical aspects to increase its pages' ranking in the search engines.
2026-02-16,5,Technical SEO,https://www.mtu.edu/umc/services/websites/seo/technical-seo/,Technical SEO is the process of optimizing the technical aspects of a website to improve its search engine rankings.
2026-02-16,6,The Beginner's Guide to Technical SEO,https://ahrefs.com/blog/technical-seo/,"Technical SEO is the practice of optimizing your website to help search engines find, crawl, understand, and index your pages."
2026-02-16,7,Technical SEO [Beginner's Guide to SEO] - Moz,https://moz.com/beginners-guide-to-seo/technical-seo,Basic technical knowledge will help you optimize your site for search engines and establish credibility with developers.
2026-02-17,1,TechnicalSEO.com | SEO Tools & Insights,https://technicalseo.com/,"Technical SEO is defined by configurations that can be implemented to the website and server (e.g. page elements, HTTP header responses, XML Sitemaps, redirects ..."
2026-02-17,2,Technical SEO Techniques and Strategies,https://developers.google.com/search/docs/fundamentals/get-started,"This guide covers more in-depth SEO tasks, such as preparing for a site move or managing a multi-lingual site."
2026-02-17,3,Technical SEO,https://www.mtu.edu/umc/services/websites/seo/technical-seo/,Technical SEO is the process of optimizing the technical aspects of a website to improve its search engine rankings.
2026-02-17,4,What Is Technical SEO? Basics and Best Practices,https://www.semrush.com/blog/technical-seo/,"Technical SEO is about improving your website to make it easier for search engines to find, understand, and store your content."
2026-02-17,5,The Beginner's Guide to Technical SEO,https://ahrefs.com/blog/technical-seo/,"Technical SEO is the practice of optimizing your website to help search engines find, crawl, understand, and index your pages."
2026-02-17,6,8 Technical SEO Tips to Improve Website Traffic,https://www.business.com/articles/6-technical-seo-tips-to-increase-traffic-and-conversions-on-your-website/,"Technical SEO refers to techniques that web designers and developers use to optimize your website so search engines, such as Google can understand and index ..."
2026-02-17,7,Technical SEO For Beginners: The 4 Must-Have Components,https://www.klientboost.com/seo/technical-seo/,Technical SEO refers to optimizing the technical aspects of your website so search engine spiders can better crawl/index it and ensure it's secure for visitors.
2026-02-18,1,TechnicalSEO.com | SEO Tools & Insights,https://technicalseo.com/,"Technical SEO is defined by configurations that can be implemented to the website and server (e.g. page elements, HTTP header responses, XML Sitemaps, redirects ..."
2026-02-18,2,Technical SEO Techniques and Strategies,https://developers.google.com/search/docs/fundamentals/get-started,"This guide covers more in-depth SEO tasks, such as preparing for a site move or managing a multi-lingual site."
2026-02-18,3,What Is Technical SEO? Basics and Best Practices,https://www.semrush.com/blog/technical-seo/,"Technical SEO is about improving your website to make it easier for search engines to find, understand, and store your content."
2026-02-18,4,The Beginner's Guide to Technical SEO,https://ahrefs.com/blog/technical-seo/,"Technical SEO is the practice of optimizing your website to help search engines find, crawl, understand, and index your pages."
2026-02-18,5,What's technical SEO? 8 technical aspects everyone ...,https://yoast.com/what-is-technical-seo/,Technical SEO is all about improving a website's technical aspects to increase its pages' ranking in the search engines.
2026-02-18,6,Technical SEO,https://www.mtu.edu/umc/services/websites/seo/technical-seo/,Technical SEO is the process of optimizing the technical aspects of a website to improve its search engine rankings.
2026-02-18,7,SEO Tools | TechnicalSEO.com,https://technicalseo.com/tools/,"A set of free SEO tools to help you make your website technically search engine friendly: robots.txt testing tool, fetch & render, schema.org structured ..."
2026-02-19,1,TechnicalSEO.com | SEO Tools & Insights,https://technicalseo.com/,"Technical SEO is defined by configurations that can be implemented to the website and server (e.g. page elements, HTTP header responses, XML Sitemaps, redirects ..."
2026-02-19,2,What Is Technical SEO? Basics and Best Practices,https://www.semrush.com/blog/technical-seo/,"Technical SEO is about improving your website to make it easier for search engines to find, understand, and store your content."
2026-02-19,3,Technical SEO Techniques and Strategies,https://developers.google.com/search/docs/fundamentals/get-started,"This guide covers more in-depth SEO tasks, such as preparing for a site move or managing a multi-lingual site. Control how Google crawls and indexes your site."
2026-02-19,4,Technical SEO,https://www.mtu.edu/umc/services/websites/seo/technical-seo/,Technical SEO is the process of optimizing the technical aspects of a website to improve its search engine rankings.
2026-02-19,5,What's technical SEO? 8 technical aspects everyone ...,https://yoast.com/what-is-technical-seo/,Technical SEO is all about improving a website's technical aspects to increase its pages' ranking in the search engines.
2026-02-19,6,Technical SEO [Beginner's Guide to SEO] - Moz,https://moz.com/beginners-guide-to-seo/technical-seo,Basic technical knowledge will help you optimize your site for search engines and establish credibility with developers.
2026-02-19,7,The Beginner's Guide to Technical SEO,https://ahrefs.com/blog/technical-seo/,"Technical SEO is the practice of optimizing your website to help search engines find, crawl, understand, and index your pages."
2026-02-19,8,What Is Technical SEO? The Definitive Guide,https://searchengineland.com/guide/what-is-technical-seo,"Technical SEO is the process of optimizing your website's infrastructure so search engines can crawl, render, index, and serve your content ..."
2026-02-20,1,TechnicalSEO.com | SEO Tools & Insights,https://technicalseo.com/,"Technical SEO is defined by configurations that can be implemented to the website and server (e.g. page elements, HTTP header responses, XML Sitemaps, redirects ..."
2026-02-20,2,Technical SEO Techniques and Strategies,https://developers.google.com/search/docs/fundamentals/get-started,"This guide covers more in-depth SEO tasks, such as preparing for a site move or managing a multi-lingual site."
2026-02-20,3,What Is Technical SEO? Basics and Best Practices,https://www.semrush.com/blog/technical-seo/,"Technical SEO is about improving your website to make it easier for search engines to find, understand, and store your content."
2026-02-20,4,Technical SEO,https://www.mtu.edu/umc/services/websites/seo/technical-seo/,Technical SEO is the process of optimizing the technical aspects of a website to improve its search engine rankings.
2026-02-20,5,8 Technical SEO Tips to Improve Website Traffic,https://www.business.com/articles/6-technical-seo-tips-to-increase-traffic-and-conversions-on-your-website/,"Technical SEO refers to techniques that web designers and developers use to optimize your website so search engines, such as Google can understand and index ..."
2026-02-20,6,The Beginner's Guide to Technical SEO,https://ahrefs.com/blog/technical-seo/,"Technical SEO is the practice of optimizing your website to help search engines find, crawl, understand, and index your pages."
2026-02-20,7,Introduction to Technical SEO Basics,https://neilpatel.com/blog/technical-seo/,Technical SEO is the process of making your site more easily crawled and indexed by search engines. Learn the importance and basics of tech SEO here.
2026-02-20,8,Technical SEO For Beginners: The 4 Must-Have Components,https://www.klientboost.com/seo/technical-seo/,Technical SEO refers to optimizing the technical aspects of your website so search engine spiders can better crawl/index it and ensure it's secure for visitors.
2026-02-20,9,SEO Tools | TechnicalSEO.com,https://technicalseo.com/tools/,"A set of free SEO tools to help you make your website technically search engine friendly: robots.txt testing tool, fetch & render, schema.org structured ..."
2026-02-21,1,TechnicalSEO.com | SEO Tools & Insights,https://technicalseo.com/,"Technical SEO is defined by configurations that can be implemented to the website and server (e.g. page elements, HTTP header responses, XML Sitemaps, redirects ..."
2026-02-21,2,What Is Technical SEO? Basics and Best Practices,https://www.semrush.com/blog/technical-seo/,"Technical SEO is about improving your website to make it easier for search engines to find, understand, and store your content."
2026-02-21,3,Technical SEO Techniques and Strategies,https://developers.google.com/search/docs/fundamentals/get-started,"This guide covers more in-depth SEO tasks, such as preparing for a site move or managing a multi-lingual site. Control how Google crawls and indexes your site."
2026-02-21,4,Technical SEO,https://www.mtu.edu/umc/services/websites/seo/technical-seo/,Technical SEO is the process of optimizing the technical aspects of a website to improve its search engine rankings.
2026-02-21,5,The Beginner's Guide to Technical SEO,https://ahrefs.com/blog/technical-seo/,"Technical SEO is the practice of optimizing your website to help search engines find, crawl, understand, and index your pages."
2026-02-21,6,What is Technical SEO?,https://www.geeksforgeeks.org/blogs/what-is-technical-seo/,Technical SEO is a method of optimizing a website's technical elements to improve its performance in SERPs or Search Engine Result Pages.
2026-02-21,7,6 Technical SEO Tips to Improve Website Traffic,https://www.business.com/articles/6-technical-seo-tips-to-increase-traffic-and-conversions-on-your-website/,"Technical SEO refers to techniques that web designers and developers use to optimize your website so search engines, such as Google can understand and index ..."
2026-02-21,8,Introduction to Technical SEO Basics,https://neilpatel.com/blog/technical-seo/,Technical SEO is the process of making your site more easily crawled and indexed by search engines. Learn the importance and basics of tech SEO here.
2026-02-22,1,TechnicalSEO.com | SEO Tools & Insights,https://technicalseo.com/,"Technical SEO is defined by configurations that can be implemented to the website and server (e.g. page elements, HTTP header responses, XML Sitemaps, redirects ..."
2026-02-22,2,What Is Technical SEO? Basics and Best Practices,https://www.semrush.com/blog/technical-seo/,"Technical SEO is about improving your website to make it easier for search engines to find, understand, and store your content."
2026-02-22,3,Technical SEO Techniques and Strategies,https://developers.google.com/search/docs/fundamentals/get-started,"This guide covers more in-depth SEO tasks, such as preparing for a site move or managing a multi-lingual site. Control how Google crawls and indexes your site."
2026-02-22,4,What Is Technical SEO? The Definitive Guide,https://searchengineland.com/guide/what-is-technical-seo,"Technical SEO is the process of optimizing your website's infrastructure so search engines can crawl, render, index, and serve your content correctly and ..."
2026-02-22,5,What's technical SEO? 8 technical aspects everyone ...,https://yoast.com/what-is-technical-seo/,Technical SEO is all about improving a website's technical aspects to increase its pages' ranking in the search engines.
2026-02-22,6,What is Technical SEO?,https://www.geeksforgeeks.org/blogs/what-is-technical-seo/,Technical SEO is a method of optimizing a website's technical elements to improve its performance in SERPs or Search Engine Result Pages.
2026-02-22,7,Technical SEO,https://www.mtu.edu/umc/services/websites/seo/technical-seo/,Technical SEO is the process of optimizing the technical aspects of a website to improve its search engine rankings.
2026-02-23,1,TechnicalSEO.com | SEO Tools & Insights,https://technicalseo.com/,"Technical SEO is defined by configurations that can be implemented to the website and server (e.g. page elements, HTTP header responses, XML Sitemaps, redirects ..."
2026-02-23,2,Technical SEO Techniques and Strategies,https://developers.google.com/search/docs/fundamentals/get-started,"This guide covers more in-depth SEO tasks, such as preparing for a site move or managing a multi-lingual site."
2026-02-23,3,What Is Technical SEO? Basics and Best Practices,https://www.semrush.com/blog/technical-seo/,"Technical SEO is about improving your website to make it easier for search engines to find, understand, and store your content."
2026-02-23,4,The Beginner's Guide to Technical SEO,https://ahrefs.com/blog/technical-seo/,"Technical SEO is the practice of optimizing your website to help search engines find, crawl, understand, and index your pages."
2026-02-23,5,Technical SEO For Beginners: The 4 Must-Have Components,https://www.klientboost.com/seo/technical-seo/,Technical SEO refers to optimizing the technical aspects of your website so search engine spiders can better crawl/index it and ensure it's secure for visitors.
2026-02-23,6,Technical SEO,https://www.mtu.edu/umc/services/websites/seo/technical-seo/,Technical SEO is the process of optimizing the technical aspects of a website to improve its search engine rankings.
2026-02-23,7,Introduction to Technical SEO Basics,https://neilpatel.com/blog/technical-seo/,"What is technical SEO? Technical SEO involves optimizing the infrastructure of your website to ensure it can be crawled, indexed, and ranked by search engines."
2026-02-23,8,What is Technical SEO?,https://www.geeksforgeeks.org/blogs/what-is-technical-seo/,Technical SEO is a method of optimizing a website's technical elements to improve its performance in SERPs or Search Engine Result Pages.
2026-02-24,1,TechnicalSEO.com | SEO Tools & Insights,https://technicalseo.com/,"Technical SEO is defined by configurations that can be implemented to the website and server (e.g. page elements, HTTP header responses, XML Sitemaps, redirects ..."
2026-02-24,2,Technical SEO Techniques and Strategies,https://developers.google.com/search/docs/fundamentals/get-started,"This guide covers more in-depth SEO tasks, such as preparing for a site move or managing a multi-lingual site."
2026-02-24,3,What Is Technical SEO? Basics and Best Practices,https://www.semrush.com/blog/technical-seo/,"Technical SEO is about improving your website to make it easier for search engines to find, understand, and store your content."
2026-02-24,4,Technical SEO: The Ultimate Guide for 2026,https://backlinko.com/technical-seo-guide,Technical SEO is the process of ensuring that a website meets the technical requirements of modern search engines with the goal of improved organic rankings.
2026-02-24,5,What's technical SEO? 8 technical aspects everyone ...,https://yoast.com/what-is-technical-seo/,Technical SEO is all about improving a website's technical aspects to increase its pages' ranking in the search engines.
2026-02-24,6,Advanced Technical SEO: A Complete Guide,https://www.searchenginejournal.com/technical-seo/,"Technical SEO covers all of the technical aspects of your website that affect SEO, from hosting and site speed to XML sitemaps and meta robots tags. Dozens of ..."
2026-02-24,7,What Is Technical SEO? The Definitive Guide,https://searchengineland.com/guide/what-is-technical-seo,"Technical SEO is the process of optimizing your website's infrastructure so search engines can crawl, render, index, and serve your content ..."
2026-02-24,8,The Beginner's Guide to Technical SEO,https://ahrefs.com/blog/technical-seo/,"Technical SEO is the practice of optimizing your website to help search engines find, crawl, understand, and index your pages."
2026-02-25,1,TechnicalSEO.com | SEO Tools & Insights,https://technicalseo.com/,"Technical SEO is defined by configurations that can be implemented to the website and server (e.g. page elements, HTTP header responses, XML Sitemaps, redirects ..."
2026-02-25,2,Technical SEO Techniques and Strategies,https://developers.google.com/search/docs/fundamentals/get-started,"This guide covers more in-depth SEO tasks, such as preparing for a site move or managing a multi-lingual site."
2026-02-25,3,Technical SEO: The Ultimate Guide for 2025,https://backlinko.com/technical-seo-guide,Technical SEO is the process of ensuring that a website meets the technical requirements of modern search engines with the goal of improved organic rankings.
2026-02-25,4,What Is Technical SEO? Basics and Best Practices,https://www.semrush.com/blog/technical-seo/,"Technical SEO is about improving your website to make it easier for search engines to find, understand, and store your content."
2026-02-25,5,What's technical SEO?,https://yoast.com/what-is-technical-seo/,Technical SEO is all about improving a website's technical aspects to increase its pages' ranking in the search engines.
2026-02-25,6,The Beginner's Guide to Technical SEO,https://ahrefs.com/blog/technical-seo/,"Technical SEO is the practice of optimizing your website to help search engines find, crawl, understand, and index your pages."
2026-02-25,7,Advanced Technical SEO: A Complete Guide,https://www.searchenginejournal.com/technical-seo/,"Technical SEO covers all of the technical aspects of your website that affect SEO, from hosting and site speed to XML sitemaps and meta robots tags. Dozens of ..."
2026-02-25,8,What Is Technical SEO? The Definitive Guide,https://searchengineland.com/guide/what-is-technical-seo,"Technical SEO is the process of optimizing your website's infrastructure so search engines can crawl, render, index, and serve your content ..."
2026-02-26,1,TechnicalSEO.com | SEO Tools & Insights,https://technicalseo.com/,"Technical SEO is defined by configurations that can be implemented to the website and server (e.g. page elements, HTTP header responses, XML Sitemaps, redirects ..."
2026-02-26,2,Technical SEO Techniques and Strategies,https://developers.google.com/search/docs/fundamentals/get-started,"This guide covers more in-depth SEO tasks, such as preparing for a site move or managing a multi-lingual site."
2026-02-26,3,What Is Technical SEO? Basics and Best Practices,https://www.semrush.com/blog/technical-seo/,"Technical SEO is about improving your website to make it easier for search engines to find, understand, and store your content."
2026-02-26,4,What Is Technical SEO? The Definitive Guide,https://searchengineland.com/guide/what-is-technical-seo,"Technical SEO is the process of optimizing your website's infrastructure so search engines can crawl, render, index, and serve your content correctly and ..."
2026-02-26,5,The Beginner's Guide to Technical SEO,https://ahrefs.com/blog/technical-seo/,"Technical SEO is the practice of optimizing your website to help search engines find, crawl, understand, and index your pages."
2026-02-26,6,Technical SEO For Beginners: The 4 Must-Have Components,https://www.klientboost.com/seo/technical-seo/,Technical SEO refers to optimizing the technical aspects of your website so search engine spiders can better crawl/index it and ensure it's secure for visitors.
2026-02-26,7,Introduction to Technical SEO Basics,https://neilpatel.com/blog/technical-seo/,"What is technical SEO? Technical SEO involves optimizing the infrastructure of your website to ensure it can be crawled, indexed, and ranked by search engines."
2026-02-27,1,TechnicalSEO.com | SEO Tools & Insights,https://technicalseo.com/,"Technical SEO is defined by configurations that can be implemented to the website and server (e.g. page elements, HTTP header responses, XML Sitemaps, redirects ..."
2026-02-27,2,Technical SEO Techniques and Strategies,https://developers.google.com/search/docs/fundamentals/get-started,"This guide covers more in-depth SEO tasks, such as preparing for a site move or managing a multi-lingual site. Control how Google crawls and indexes your site."
2026-02-27,3,What Is Technical SEO? Basics and Best Practices,https://www.semrush.com/blog/technical-seo/,"Technical SEO is about improving your website to make it easier for search engines to find, understand, and store your content."
2026-02-27,4,Technical SEO: The Ultimate Guide for 2026,https://backlinko.com/technical-seo-guide,Technical SEO is the process of ensuring that a website meets the technical requirements of modern search engines with the goal of improved organic rankings.
2026-02-27,5,Introduction to Technical SEO Basics,https://neilpatel.com/blog/technical-seo/,"What is technical SEO? Technical SEO involves optimizing the infrastructure of your website to ensure it can be crawled, indexed, and ranked by search engines."
2026-02-27,6,The Beginner's Guide to Technical SEO,https://ahrefs.com/blog/technical-seo/,"Technical SEO is the practice of optimizing your website to help search engines find, crawl, understand, and index your pages."
2026-02-27,7,Advanced Technical SEO: A Complete Guide,https://www.searchenginejournal.com/technical-seo/,"Technical SEO covers all of the technical aspects of your website that affect SEO, from hosting and site speed to XML sitemaps and meta robots tags."
2026-02-27,8,What Is Technical SEO? The Definitive Guide,https://searchengineland.com/guide/what-is-technical-seo,"Technical SEO is the process of optimizing your website's infrastructure so search engines can crawl, render, index, and serve your content correctly and ..."
2026-02-28,1,TechnicalSEO.com | SEO Tools & Insights,https://technicalseo.com/,"Technical SEO is defined by configurations that can be implemented to the website and server (e.g. page elements, HTTP header responses, XML Sitemaps, redirects ..."
2026-02-28,2,What Is Technical SEO? Basics and Best Practices,https://www.semrush.com/blog/technical-seo/,"Technical SEO is about improving your website to make it easier for search engines to find, understand, and store your content."
2026-02-28,3,Technical SEO Techniques and Strategies,https://developers.google.com/search/docs/fundamentals/get-started,"This guide covers more in-depth SEO tasks, such as preparing for a site move or managing a multi-lingual site. Control how Google crawls and indexes your site."
2026-02-28,4,Technical SEO: The Ultimate Guide for 2026,https://backlinko.com/technical-seo-guide,Technical SEO is the process of ensuring that a website meets the technical requirements of modern search engines with the goal of improved organic rankings.
2026-02-28,5,Advanced Technical SEO: A Complete Guide,https://www.searchenginejournal.com/technical-seo/,"Technical SEO covers all of the technical aspects of your website that affect SEO, from hosting and site speed to XML sitemaps and meta robots tags."
2026-02-28,6,Technical SEO,https://www.mtu.edu/umc/services/websites/seo/technical-seo/,Technical SEO is the process of optimizing the technical aspects of a website to improve its search engine rankings.
2026-02-28,7,Technical SEO For Beginners: The 4 Must-Have Components,https://www.klientboost.com/seo/technical-seo/,Technical SEO refers to optimizing the technical aspects of your website so search engine spiders can better crawl/index it and ensure it's secure for visitors.
2026-02-28,8,What Is Technical SEO? The Definitive Guide,https://searchengineland.com/guide/what-is-technical-seo,"Technical SEO is the process of optimizing your website's infrastructure so search engines can crawl, render, index, and serve your content ..."
2026-03-01,1,TechnicalSEO.com | SEO Tools & Insights,https://technicalseo.com/,"Technical SEO is defined by configurations that can be implemented to the website and server (e.g. page elements, HTTP header responses, XML Sitemaps, redirects ..."
2026-03-01,2,Technical SEO Techniques and Strategies,https://developers.google.com/search/docs/fundamentals/get-started,"This guide covers more in-depth SEO tasks, such as preparing for a site move or managing a multi-lingual site. Control how Google crawls and indexes your site."
2026-03-01,3,What Is Technical SEO? Basics and Best Practices,https://www.semrush.com/blog/technical-seo/,"Technical SEO is about improving your website to make it easier for search engines to find, understand, and store your content."
2026-03-01,4,The Beginner's Guide to Technical SEO,https://ahrefs.com/blog/technical-seo/,"Technical SEO is the practice of optimizing your website to help search engines find, crawl, understand, and index your pages."
2026-03-01,5,Technical SEO,https://www.mtu.edu/umc/services/websites/seo/technical-seo/,Technical SEO is the process of optimizing the technical aspects of a website to improve its search engine rankings.
2026-03-01,6,Technical SEO For Beginners: The 4 Must-Have Components,https://www.klientboost.com/seo/technical-seo/,Technical SEO refers to optimizing the technical aspects of your website so search engine spiders can better crawl/index it and ensure it's secure for visitors.
2026-03-01,7,Introduction to Technical SEO Basics,https://neilpatel.com/blog/technical-seo/,Technical SEO is the process of making your site more easily crawled and indexed by search engines. Learn the importance and basics of tech SEO here.
2026-03-01,8,What Is Technical SEO? The Definitive Guide,https://searchengineland.com/guide/what-is-technical-seo,"Technical SEO is the process of optimizing your website's infrastructure so search engines can crawl, render, index, and serve your content ..."
2026-03-01,9,What Is Technical SEO? The Best Checklist in 2025,https://aioseo.com/technical-seo/,Technical SEO refers to optimizing the technical elements of your website and server that impact your performance and user experience.
2026-03-02,1,Technical SEO Techniques and Strategies,https://developers.google.com/search/docs/fundamentals/get-started,"This guide covers more in-depth SEO tasks, such as preparing for a site move or managing a multi-lingual site."
2026-03-02,2,TechnicalSEO.com | SEO Tools & Insights,https://technicalseo.com/,"Search Engine Optimization (SEO) is the process of understanding searcher behavior and audiences, and optimizing web content to deliver a relevant experience."
2026-03-02,3,What Is Technical SEO? Basics and Best Practices,https://www.semrush.com/blog/technical-seo/,"Technical SEO is about improving your website to make it easier for search engines to find, understand, and store your content."
2026-03-02,4,The Beginner's Guide to Technical SEO,https://ahrefs.com/blog/technical-seo/,"Technical SEO is the practice of optimizing your website to help search engines find, crawl, understand, and index your pages."
2026-03-02,5,Technical SEO,https://www.mtu.edu/umc/services/websites/seo/technical-seo/,Technical SEO is the process of optimizing the technical aspects of a website to improve its search engine rankings.
2026-03-02,6,Technical SEO For Beginners: The 4 Must-Have Components,https://www.klientboost.com/seo/technical-seo/,Technical SEO refers to optimizing the technical aspects of your website so search engine spiders can better crawl/index it and ensure it's secure for visitors.
2026-03-02,7,Technical SEO [Beginner's Guide to SEO] - Moz,https://moz.com/beginners-guide-to-seo/technical-seo,Basic technical knowledge will help you optimize your site for search engines and establish credibility with developers.
2026-03-02,8,What is Technical SEO?,https://www.geeksforgeeks.org/blogs/what-is-technical-seo/,Technical SEO is a method of optimizing a website's technical elements to improve its performance in SERPs or Search Engine Result Pages.
2026-03-03,1,TechnicalSEO.com | SEO Tools & Insights,https://technicalseo.com/,"Technical SEO is defined by configurations that can be implemented to the website and server (e.g. page elements, HTTP header responses, XML Sitemaps, redirects ..."
2026-03-03,2,Technical SEO Techniques and Strategies,https://developers.google.com/search/docs/fundamentals/get-started,"This guide covers more in-depth SEO tasks, such as preparing for a site move or managing a multi-lingual site."
2026-03-03,3,What Is Technical SEO? Basics and Best Practices,https://www.semrush.com/blog/technical-seo/,"Technical SEO is about improving your website to make it easier for search engines to find, understand, and store your content."
2026-03-03,4,The Beginner's Guide to Technical SEO,https://ahrefs.com/blog/technical-seo/,"Technical SEO is the practice of optimizing your website to help search engines find, crawl, understand, and index your pages."
2026-03-03,5,Technical SEO,https://www.mtu.edu/umc/services/websites/seo/technical-seo/,Technical SEO is the process of optimizing the technical aspects of a website to improve its search engine rankings.
2026-03-03,6,8 Technical SEO Tips to Improve Website Traffic,https://www.business.com/articles/6-technical-seo-tips-to-increase-traffic-and-conversions-on-your-website/,"Technical SEO involves improving your site architecture, reducing the time it takes to load, ensuring it loads properly on all devices, such as ..."
2026-03-03,7,Introduction to Technical SEO Basics,https://neilpatel.com/blog/technical-seo/,"What is technical SEO? Technical SEO involves optimizing the infrastructure of your website to ensure it can be crawled, indexed, and ranked by search engines."
2026-03-03,8,What is Technical SEO?,https://www.geeksforgeeks.org/blogs/what-is-technical-seo/,Technical SEO is a method of optimizing a website's technical elements to improve its performance in SERPs or Search Engine Result Pages.
2026-03-04,1,TechnicalSEO.com | SEO Tools & Insights,https://technicalseo.com/,"Technical SEO is defined by configurations that can be implemented to the website and server (e.g. page elements, HTTP header responses, XML Sitemaps, redirects ..."
2026-03-04,2,Technical SEO Techniques and Strategies,https://developers.google.com/search/docs/fundamentals/get-started,"This guide covers more in-depth SEO tasks, such as preparing for a site move or managing a multi-lingual site."
2026-03-04,3,The Beginner's Guide to Technical SEO,https://ahrefs.com/blog/technical-seo/,"Technical SEO is the practice of optimizing your website to help search engines find, crawl, understand, and index your pages."
2026-03-04,4,Technical SEO,https://www.mtu.edu/umc/services/websites/seo/technical-seo/,Technical SEO is the process of optimizing the technical aspects of a website to improve its search engine rankings.
2026-03-04,5,Technical SEO For Beginners: The 4 Must-Have Components,https://www.klientboost.com/seo/technical-seo/,Technical SEO refers to optimizing the technical aspects of your website so search engine spiders can better crawl/index it and ensure it's secure for visitors.
2026-03-04,6,What Is Technical SEO? Basics and Best Practices,https://www.semrush.com/blog/technical-seo/,"Technical SEO is about improving your website to make it easier for search engines to find, understand, and store your content."
2026-03-04,7,Introduction to Technical SEO Basics,https://neilpatel.com/blog/technical-seo/,"What is technical SEO? Technical SEO involves optimizing the infrastructure of your website to ensure it can be crawled, indexed, and ranked by search engines."
2026-03-05,1,TechnicalSEO.com | SEO Tools & Insights,https://technicalseo.com/,"Technical SEO is defined by configurations that can be implemented to the website and server (e.g. page elements, HTTP header responses, XML Sitemaps, redirects ..."
2026-03-05,2,What Is Technical SEO? Basics and Best Practices,https://www.semrush.com/blog/technical-seo/,"Technical SEO is about improving your website to make it easier for search engines to find, understand, and store your content."
2026-03-05,3,The Beginner's Guide to Technical SEO,https://ahrefs.com/blog/technical-seo/,"Technical SEO is the practice of optimizing your website to help search engines find, crawl, understand, and index your pages."
2026-03-05,4,What Is Technical SEO? The Definitive Guide,https://searchengineland.com/guide/what-is-technical-seo,"Technical SEO is the process of optimizing your website's infrastructure so search engines can crawl, render, index, and serve your content correctly and ..."
2026-03-05,5,Technical SEO For Beginners: The 4 Must-Have Components,https://www.klientboost.com/seo/technical-seo/,Technical SEO refers to optimizing the technical aspects of your website so search engine spiders can better crawl/index it and ensure it's secure for visitors.
2026-03-05,6,What Is Technical SEO? The Best Checklist in 2025,https://aioseo.com/technical-seo/,Technical SEO refers to optimizing the technical elements of your website and server that impact your performance and user experience.
2026-03-05,7,Technical SEO [Beginner's Guide to SEO] - Moz,https://moz.com/beginners-guide-to-seo/technical-seo,Basic technical knowledge will help you optimize your site for search engines and establish credibility with developers.
2026-03-05,8,What Is Technical SEO? (10-Point Checklist Included),https://www.webfx.com/blog/seo/what-is-technical-seo/,Technical SEO is a set of website and server optimizations that make your site easier for crawlers and website visitors to understand and use.
2026-03-06,1,TechnicalSEO.com | SEO Tools & Insights,https://technicalseo.com/,"Technical SEO is defined by configurations that can be implemented to the website and server (e.g. page elements, HTTP header responses, XML Sitemaps, redirects ..."
2026-03-06,2,What Is Technical SEO? Basics and Best Practices,https://www.semrush.com/blog/technical-seo/,"Technical SEO is about improving your website to make it easier for search engines to find, understand, and store your content."
2026-03-06,3,Technical SEO Techniques and Strategies,https://developers.google.com/search/docs/fundamentals/get-started,"This guide covers more in-depth SEO tasks, such as preparing for a site move or managing a multi-lingual site. Control how Google crawls and indexes your site."
2026-03-06,4,Technical SEO For Beginners: The 4 Must-Have Components,https://www.klientboost.com/seo/technical-seo/,Technical SEO refers to optimizing the technical aspects of your website so search engine spiders can better crawl/index it and ensure it's secure for visitors.
2026-03-06,5,Introduction to Technical SEO Basics,https://neilpatel.com/blog/technical-seo/,Technical SEO is the process of making your site more easily crawled and indexed by search engines. Learn the importance and basics of tech SEO here.
2026-03-06,6,The Beginner's Guide to Technical SEO,https://ahrefs.com/blog/technical-seo/,"Technical SEO is the practice of optimizing your website to help search engines find, crawl, understand, and index your pages."
2026-03-06,7,Technical SEO [Beginner's Guide to SEO] - Moz,https://moz.com/beginners-guide-to-seo/technical-seo,Basic technical knowledge will help you optimize your site for search engines and establish credibility with developers.
2026-03-06,8,What is Technical SEO and How to Optimize for it? | ELEMENT,https://goelement.com/blog/technical-seo/,"In our opinion, technical SEO relates to all the details of your site development and architecture, including site performance, functionality, ..."
2026-03-07,1,Technical SEO Techniques and Strategies,https://developers.google.com/search/docs/fundamentals/get-started,"This guide covers more in-depth SEO tasks, such as preparing for a site move or managing a multi-lingual site. Control how Google crawls and indexes your site."
2026-03-07,2,What Is Technical SEO? Basics and Best Practices,https://www.semrush.com/blog/technical-seo/,"Technical SEO is about improving your website to make it easier for search engines to find, understand, and store your content."
2026-03-07,3,The Beginner's Guide to Technical SEO,https://ahrefs.com/blog/technical-seo/,"Technical SEO is the practice of optimizing your website to help search engines find, crawl, understand, and index your pages."
2026-03-07,4,Technical SEO,https://www.mtu.edu/umc/services/websites/seo/technical-seo/,Technical SEO is the process of optimizing the technical aspects of a website to improve its search engine rankings.
2026-03-07,5,TechnicalSEO.com | SEO Tools & Insights,https://technicalseo.com/,"Search Engine Optimization (SEO) is the process of understanding searcher behavior and audiences, and optimizing web content to deliver a relevant experience."
2026-03-07,6,Technical SEO For Beginners: The 4 Must-Have Components,https://www.klientboost.com/seo/technical-seo/,Technical SEO refers to optimizing the technical aspects of your website so search engine spiders can better crawl/index it and ensure it's secure for visitors.
2026-03-07,7,Introduction to Technical SEO Basics,https://neilpatel.com/blog/technical-seo/,Technical SEO is the process of making your site more easily crawled and indexed by search engines. Learn the importance and basics of tech SEO here.
2026-03-07,8,What Is Technical SEO? The Best Checklist in 2025,https://aioseo.com/technical-seo/,Technical SEO refers to optimizing the technical elements of your website and server that impact your performance and user experience.
2026-03-07,9,Technical SEO [Beginner's Guide to SEO] - Moz,https://moz.com/beginners-guide-to-seo/technical-seo,Basic technical knowledge will help you optimize your site for search engines and establish credibility with developers.
2026-03-08,1,TechnicalSEO.com | SEO Tools & Insights,https://technicalseo.com/,"Technical SEO is defined by configurations that can be implemented to the website and server (e.g. page elements, HTTP header responses, XML Sitemaps, redirects ..."
2026-03-08,2,Technical SEO Techniques and Strategies,https://developers.google.com/search/docs/fundamentals/get-started,"This guide covers more in-depth SEO tasks, such as preparing for a site move or managing a multi-lingual site. Control how Google crawls and indexes your site."
2026-03-08,3,What Is Technical SEO? Basics and Best Practices,https://www.semrush.com/blog/technical-seo/,"Technical SEO is about improving your website to make it easier for search engines to find, understand, and store your content."
2026-03-08,4,The Beginner's Guide to Technical SEO,https://ahrefs.com/blog/technical-seo/,"Technical SEO is the practice of optimizing your website to help search engines find, crawl, understand, and index your pages."
2026-03-08,5,Technical SEO,https://www.mtu.edu/umc/services/websites/seo/technical-seo/,Technical SEO is the process of optimizing the technical aspects of a website to improve its search engine rankings.
2026-03-08,6,What is Technical SEO?,https://www.geeksforgeeks.org/blogs/what-is-technical-seo/,Technical SEO is a method of optimizing a website's technical elements to improve its performance in SERPs or Search Engine Result Pages.
2026-03-08,7,Technical SEO For Beginners: The 4 Must-Have Components,https://www.klientboost.com/seo/technical-seo/,Technical SEO refers to optimizing the technical aspects of your website so search engine spiders can better crawl/index it and ensure it's secure for visitors.
2026-03-08,8,Technical SEO [Beginner's Guide to SEO] - Moz,https://moz.com/beginners-guide-to-seo/technical-seo,Basic technical knowledge will help you optimize your site for search engines and establish credibility with developers.
2026-03-09,1,TechnicalSEO.com | SEO Tools & Insights,https://technicalseo.com/,"Technical SEO is defined by configurations that can be implemented to the website and server (e.g. page elements, HTTP header responses, XML Sitemaps, redirects ..."
2026-03-09,2,Technical SEO Techniques and Strategies,https://developers.google.com/search/docs/fundamentals/get-started,"This guide covers more in-depth SEO tasks, such as preparing for a site move or managing a multi-lingual site."
2026-03-09,3,What Is Technical SEO? Basics and Best Practices,https://www.semrush.com/blog/technical-seo/,"Technical SEO is about improving your website to make it easier for search engines to find, understand, and store your content."
2026-03-09,4,The Beginner's Guide to Technical SEO,https://ahrefs.com/blog/technical-seo/,"Technical SEO is the practice of optimizing your website to help search engines find, crawl, understand, and index your pages."
2026-03-09,5,Technical SEO,https://www.mtu.edu/umc/services/websites/seo/technical-seo/,Technical SEO is the process of optimizing the technical aspects of a website to improve its search engine rankings.
2026-03-09,6,Technical SEO [Beginner's Guide to SEO] - Moz,https://moz.com/beginners-guide-to-seo/technical-seo,Basic technical knowledge will help you optimize your site for search engines and establish credibility with developers.
2026-03-09,7,Technical SEO For Beginners: The 4 Must-Have Components,https://www.klientboost.com/seo/technical-seo/,Technical SEO refers to optimizing the technical aspects of your website so search engine spiders can better crawl/index it and ensure it's secure for visitors.
2026-03-10,1,TechnicalSEO.com | SEO Tools & Insights,https://technicalseo.com/,"Technical SEO is defined by configurations that can be implemented to the website and server (e.g. page elements, HTTP header responses, XML Sitemaps, redirects ..."
2026-03-10,2,Technical SEO Techniques and Strategies,https://developers.google.com/search/docs/fundamentals/get-started,"This guide covers more in-depth SEO tasks, such as preparing for a site move or managing a multi-lingual site."
2026-03-10,3,What Is Technical SEO? Basics and Best Practices,https://www.semrush.com/blog/technical-seo/,"Technical SEO is about improving your website to make it easier for search engines to find, understand, and store your content."
2026-03-10,4,The Beginner's Guide to Technical SEO,https://ahrefs.com/blog/technical-seo/,"Technical SEO is the practice of optimizing your website to help search engines find, crawl, understand, and index your pages."
2026-03-10,5,Technical SEO For Beginners: The 4 Must-Have Components,https://www.klientboost.com/seo/technical-seo/,Technical SEO refers to optimizing the technical aspects of your website so search engine spiders can better crawl/index it and ensure it's secure for visitors.
2026-03-10,6,Technical SEO,https://www.mtu.edu/umc/services/websites/seo/technical-seo/,Technical SEO is the process of optimizing the technical aspects of a website to improve its search engine rankings.
2026-03-10,7,Technical SEO: The Ultimate Guide for 2026,https://backlinko.com/technical-seo-guide,Technical SEO is the process of ensuring that a website meets the technical requirements of modern search engines with the goal of improved organic rankings.
2026-03-10,8,Technical SEO [Beginner's Guide to SEO] - Moz,https://moz.com/beginners-guide-to-seo/technical-seo,Basic technical knowledge will help you optimize your site for search engines and establish credibility with developers.
2026-03-11,1,Technical SEO Techniques and Strategies,https://developers.google.com/search/docs/fundamentals/get-started,"This guide covers more in-depth SEO tasks, such as preparing for a site move or managing a multi-lingual site. Control how Google crawls and indexes your site."
2026-03-11,2,What Is Technical SEO? Basics and Best Practices,https://www.semrush.com/blog/technical-seo/,"Technical SEO is about improving your website to make it easier for search engines to find, understand, and store your content."
2026-03-11,3,TechnicalSEO.com | SEO Tools & Insights,https://technicalseo.com/,"Search Engine Optimization (SEO) is the process of understanding searcher behavior and audiences, and optimizing web content to deliver a relevant experience."
2026-03-11,4,Technical SEO [Beginner's Guide to SEO] - Moz,https://moz.com/beginners-guide-to-seo/technical-seo,Basic technical knowledge will help you optimize your site for search engines and establish credibility with developers.
2026-03-11,5,Technical SEO,https://www.mtu.edu/umc/services/websites/seo/technical-seo/,Technical SEO is the process of optimizing the technical aspects of a website to improve its search engine rankings.
2026-03-11,6,Technical SEO For Beginners: The 4 Must-Have Components,https://www.klientboost.com/seo/technical-seo/,Technical SEO refers to optimizing the technical aspects of your website so search engine spiders can better crawl/index it and ensure it's secure for visitors.
2026-03-11,7,The Beginner's Guide to Technical SEO,https://ahrefs.com/blog/technical-seo/,"Technical SEO is the practice of optimizing your website to help search engines find, crawl, understand, and index your pages."
2026-03-12,1,What Is Technical SEO? Basics and Best Practices,https://www.semrush.com/blog/technical-seo/,"Technical SEO is about improving your website to make it easier for search engines to find, understand, and store your content."
2026-03-12,2,Technical SEO Techniques and Strategies,https://developers.google.com/search/docs/fundamentals/get-started,"This guide covers more in-depth SEO tasks, such as preparing for a site move or managing a multi-lingual site. Control how Google crawls and indexes your site."
2026-03-12,3,TechnicalSEO.com | SEO Tools & Insights,https://technicalseo.com/,"Search Engine Optimization (SEO) is the process of understanding searcher behavior and audiences, and optimizing web content to deliver a relevant experience."
2026-03-12,4,Technical SEO [Beginner's Guide to SEO] - Moz,https://moz.com/beginners-guide-to-seo/technical-seo,Basic technical knowledge will help you optimize your site for search engines and establish credibility with developers.
2026-03-12,5,Introduction to Technical SEO Basics,https://neilpatel.com/blog/technical-seo/,Technical SEO is the process of making your site more easily crawled and indexed by search engines. Learn the importance and basics of tech SEO here.
2026-03-12,6,What Is Technical SEO? The Definitive Guide,https://searchengineland.com/guide/what-is-technical-seo,"Technical SEO is the process of optimizing your website's infrastructure so search engines can crawl, render, index, and serve your content ..."
2026-03-12,7,The Beginner's Guide to Technical SEO,https://ahrefs.com/blog/technical-seo/,"Technical SEO is the practice of optimizing your website to help search engines find, crawl, understand, and index your pages."
2026-03-13,1,What Is Technical SEO? Basics and Best Practices,https://www.semrush.com/blog/technical-seo/,"Technical SEO is about improving your website to make it easier for search engines to find, understand, and store your content."
2026-03-13,2,Technical SEO Techniques and Strategies,https://developers.google.com/search/docs/fundamentals/get-started,"This guide covers more in-depth SEO tasks, such as preparing for a site move or managing a multi-lingual site."
2026-03-13,3,TechnicalSEO.com | SEO Tools & Insights,https://technicalseo.com/,"Search Engine Optimization (SEO) is the process of understanding searcher behavior and audiences, and optimizing web content to deliver a relevant experience."
2026-03-13,4,Technical SEO [Beginner's Guide to SEO] - Moz,https://moz.com/beginners-guide-to-seo/technical-seo,Basic technical knowledge will help you optimize your site for search engines and establish credibility with developers.
2026-03-13,5,Introduction to Technical SEO Basics,https://neilpatel.com/blog/technical-seo/,Technical SEO is the process of making your site more easily crawled and indexed by search engines. Learn the importance and basics of tech SEO here.
2026-03-13,6,The Beginner's Guide to Technical SEO,https://ahrefs.com/blog/technical-seo/,"Technical SEO is the practice of optimizing your website to help search engines find, crawl, understand, and index your pages."
2026-03-13,7,Technical SEO,https://www.mtu.edu/umc/services/websites/seo/technical-seo/,Technical SEO is the process of optimizing the technical aspects of a website to improve its search engine rankings.
2026-03-13,8,What Is Technical SEO? The Definitive Guide,https://searchengineland.com/guide/what-is-technical-seo,"Technical SEO is the process of optimizing your website's infrastructure so search engines can crawl, render, index, and serve your content ..."
2026-03-14,1,What Is Technical SEO? Basics and Best Practices,https://www.semrush.com/blog/technical-seo/,"Technical SEO is about improving your website to make it easier for search engines to find, understand, and store your content."
2026-03-14,2,Technical SEO Techniques and Strategies,https://developers.google.com/search/docs/fundamentals/get-started,"This guide covers more in-depth SEO tasks, such as preparing for a site move or managing a multi-lingual site. Control how Google crawls and indexes your site."
2026-03-14,3,TechnicalSEO.com | SEO Tools & Insights,https://technicalseo.com/,"Search Engine Optimization (SEO) is the process of understanding searcher behavior and audiences, and optimizing web content to deliver a relevant experience."
2026-03-14,4,The Beginner's Guide to Technical SEO,https://ahrefs.com/blog/technical-seo/,"Technical SEO is the practice of optimizing your website to help search engines find, crawl, understand, and index your pages."
2026-03-14,5,What's technical SEO? 8 technical aspects everyone ...,https://yoast.com/what-is-technical-seo/,Technical SEO is all about improving a website's technical aspects to increase its pages' ranking in the search engines.
2026-03-14,6,Technical SEO: The Ultimate Guide for 2026,https://backlinko.com/technical-seo-guide,Technical SEO is the process of ensuring that a website meets the technical requirements of modern search engines with the goal of improved organic rankings.
2026-03-14,7,Introduction to Technical SEO Basics,https://neilpatel.com/blog/technical-seo/,Technical SEO is the process of making your site more easily crawled and indexed by search engines. Learn the importance and basics of tech SEO here.
2026-03-14,8,What Is Technical SEO? The Best Checklist in 2025,https://aioseo.com/technical-seo/,Technical SEO refers to optimizing the technical elements of your website and server that impact your performance and user experience.
2026-03-14,9,What Is Technical SEO? The Definitive Guide,https://searchengineland.com/guide/what-is-technical-seo,"Technical SEO is the process of optimizing your website's infrastructure so search engines can crawl, render, index, and serve your content ..."
2026-03-15,1,TechnicalSEO.com | SEO Tools & Insights,https://technicalseo.com/,"Technical SEO is defined by configurations that can be implemented to the website and server (e.g. page elements, HTTP header responses, XML Sitemaps, redirects ..."
2026-03-15,2,What Is Technical SEO? Basics and Best Practices,https://www.semrush.com/blog/technical-seo/,"Technical SEO is about improving your website to make it easier for search engines to find, understand, and store your content."
2026-03-15,3,Technical SEO Techniques and Strategies,https://developers.google.com/search/docs/fundamentals/get-started,"This guide covers more in-depth SEO tasks, such as preparing for a site move or managing a multi-lingual site."
2026-03-15,4,Technical SEO,https://www.mtu.edu/umc/services/websites/seo/technical-seo/,Technical SEO is the process of optimizing the technical aspects of a website to improve its search engine rankings.
2026-03-15,5,Introduction to Technical SEO Basics,https://neilpatel.com/blog/technical-seo/,Technical SEO is the process of making your site more easily crawled and indexed by search engines. Learn the importance and basics of tech SEO here.
2026-03-15,6,Technical SEO: The Ultimate Guide for 2026,https://backlinko.com/technical-seo-guide,Technical SEO is the process of ensuring that a website meets the technical requirements of modern search engines with the goal of improved organic rankings.
2026-03-15,7,8 Technical SEO Tips to Improve Website Traffic,https://www.business.com/articles/6-technical-seo-tips-to-increase-traffic-and-conversions-on-your-website/,"Technical SEO refers to techniques that web designers and developers use to optimize your website so search engines, such as Google can understand and index ..."
2026-03-15,8,Technical SEO Basics: Your Complete Beginner's Guide,https://www.seo.com/basics/technical/,Technical SEO is the process of optimizing the more technical aspects of your website for better rankings in the search engine results pages (SERPs).
2026-03-16,1,TechnicalSEO.com | SEO Tools & Insights,https://technicalseo.com/,"Technical SEO is defined by configurations that can be implemented to the website and server (e.g. page elements, HTTP header responses, XML Sitemaps, redirects ..."
2026-03-16,2,Technical SEO Techniques and Strategies,https://developers.google.com/search/docs/fundamentals/get-started,"This guide covers more in-depth SEO tasks, such as preparing for a site move or managing a multi-lingual site."
2026-03-16,3,What Is Technical SEO? Basics and Best Practices,https://www.semrush.com/blog/technical-seo/,"Technical SEO is about improving your website to make it easier for search engines to find, understand, and store your content."
2026-03-16,4,Technical SEO,https://www.mtu.edu/umc/services/websites/seo/technical-seo/,Technical SEO is the process of optimizing the technical aspects of a website to improve its search engine rankings.
2026-03-16,5,What's technical SEO? 8 technical aspects everyone ...,https://yoast.com/what-is-technical-seo/,Technical SEO is all about improving a website's technical aspects to increase its pages' ranking in the search engines.
2026-03-16,6,Technical SEO: The Ultimate Guide for 2026,https://backlinko.com/technical-seo-guide,Technical SEO is the process of ensuring that a website meets the technical requirements of modern search engines with the goal of improved organic rankings.
2026-03-16,7,The Beginner's Guide to Technical SEO,https://ahrefs.com/blog/technical-seo/,"Technical SEO is the practice of optimizing your website to help search engines find, crawl, understand, and index your pages."
2026-03-16,8,Introduction to Technical SEO Basics,https://neilpatel.com/blog/technical-seo/,Technical SEO is the process of making your site more easily crawled and indexed by search engines. Learn the importance and basics of tech SEO here.
2026-03-17,1,What Is Technical SEO? Basics and Best Practices,https://www.semrush.com/blog/technical-seo/,"Technical SEO is about improving your website to make it easier for search engines to find, understand, and store your content."
2026-03-17,2,TechnicalSEO.com | SEO Tools & Insights,https://technicalseo.com/,"Search Engine Optimization (SEO) is the process of understanding searcher behavior and audiences, and optimizing web content to deliver a relevant experience."
2026-03-17,3,Technical SEO,https://www.mtu.edu/umc/services/websites/seo/technical-seo/,Technical SEO is the process of optimizing the technical aspects of a website to improve its search engine rankings.
2026-03-17,4,What's technical SEO? 8 technical aspects everyone ...,https://yoast.com/what-is-technical-seo/,Technical SEO is all about improving a website's technical aspects to increase its pages' ranking in the search engines.
2026-03-17,5,Technical SEO: The Ultimate Guide for 2026,https://backlinko.com/technical-seo-guide,Technical SEO is the process of ensuring that a website meets the technical requirements of modern search engines with the goal of improved organic rankings.
2026-03-17,6,The Beginner's Guide to Technical SEO,https://ahrefs.com/blog/technical-seo/,"Technical SEO is the practice of optimizing your website to help search engines find, crawl, understand, and index your pages."
2026-03-17,7,Introduction to Technical SEO Basics,https://neilpatel.com/blog/technical-seo/,Technical SEO is the process of making your site more easily crawled and indexed by search engines. Learn the importance and basics of tech SEO here.
2026-03-17,8,What Is Technical SEO? The Best Checklist in 2025,https://aioseo.com/technical-seo/,"Technical SEO refers to optimizing the non-content elements of a website to improve crawlability, indexability, and ultimately improve search ..."
2026-03-18,1,Technical SEO Techniques and Strategies,https://developers.google.com/search/docs/fundamentals/get-started,"This guide covers more in-depth SEO tasks, such as preparing for a site move or managing a multi-lingual site. Control how Google crawls and indexes your site."
2026-03-18,2,TechnicalSEO.com | SEO Tools & Insights,https://technicalseo.com/,"Technical SEO is defined by configurations that can be implemented to the website and server (e.g. page elements, HTTP header responses, XML Sitemaps, redirects ..."
2026-03-18,3,What Is Technical SEO? Basics and Best Practices,https://www.semrush.com/blog/technical-seo/,"Technical SEO is about improving your website to make it easier for search engines to find, understand, and store your content."
2026-03-18,4,What is Technical SEO?,https://www.geeksforgeeks.org/blogs/what-is-technical-seo/,Technical SEO is a method of optimizing a website's technical elements to improve its performance in SERPs or Search Engine Result Pages.
2026-03-18,5,Technical SEO: The Ultimate Guide for 2026,https://backlinko.com/technical-seo-guide,Technical SEO is the process of ensuring that a website meets the technical requirements of modern search engines with the goal of improved organic rankings.
2026-03-18,6,Introduction to Technical SEO Basics,https://neilpatel.com/blog/technical-seo/,Technical SEO is the process of making your site more easily crawled and indexed by search engines. Learn the importance and basics of tech SEO here.
2026-03-18,7,Technical SEO,https://www.mtu.edu/umc/services/websites/seo/technical-seo/,Technical SEO is the process of optimizing the technical aspects of a website to improve its search engine rankings.
2026-03-19,1,TechnicalSEO.com | SEO Tools & Insights,https://technicalseo.com/,"Technical SEO is defined by configurations that can be implemented to the website and server (e.g. page elements, HTTP header responses, XML Sitemaps, redirects ..."
2026-03-19,2,What Is Technical SEO? Basics and Best Practices,https://www.semrush.com/blog/technical-seo/,"Technical SEO is about improving your website to make it easier for search engines to find, understand, and store your content."
2026-03-19,3,Technical SEO Techniques and Strategies,https://developers.google.com/search/docs/fundamentals/get-started,"This guide covers more in-depth SEO tasks, such as preparing for a site move or managing a multi-lingual site."
2026-03-19,4,Technical SEO,https://www.mtu.edu/umc/services/websites/seo/technical-seo/,Technical SEO is the process of optimizing the technical aspects of a website to improve its search engine rankings.
2026-03-19,5,Technical SEO [Beginner's Guide to SEO] - Moz,https://moz.com/beginners-guide-to-seo/technical-seo,Basic technical knowledge will help you optimize your site for search engines and establish credibility with developers.
2026-03-19,6,The Beginner's Guide to Technical SEO,https://ahrefs.com/blog/technical-seo/,"Technical SEO is the practice of optimizing your website to help search engines find, crawl, understand, and index your pages."
2026-03-19,7,What's technical SEO? 8 technical aspects everyone ...,https://yoast.com/what-is-technical-seo/,Technical SEO is all about improving a website's technical aspects to increase its pages' ranking in the search engines.
2026-03-19,8,What is Technical SEO?,https://www.geeksforgeeks.org/blogs/what-is-technical-seo/,Technical SEO is a method of optimizing a website's technical elements to improve its performance in SERPs or Search Engine Result Pages.
2026-03-20,1,TechnicalSEO.com | SEO Tools & Insights,https://technicalseo.com/,"Technical SEO is defined by configurations that can be implemented to the website and server (e.g. page elements, HTTP header responses, XML Sitemaps, redirects ..."
2026-03-20,2,What Is Technical SEO? Basics and Best Practices,https://www.semrush.com/blog/technical-seo/,"Technical SEO is about improving your website to make it easier for search engines to find, understand, and store your content."
2026-03-20,3,Technical SEO Techniques and Strategies,https://developers.google.com/search/docs/fundamentals/get-started,"This guide covers more in-depth SEO tasks, such as preparing for a site move or managing a multi-lingual site."
2026-03-20,4,Technical SEO,https://www.mtu.edu/umc/services/websites/seo/technical-seo/,Technical SEO is the process of optimizing the technical aspects of a website to improve its search engine rankings.
2026-03-20,5,Technical SEO For Beginners: The 4 Must-Have Components,https://www.klientboost.com/seo/technical-seo/,Technical SEO refers to optimizing the technical aspects of your website so search engine spiders can better crawl/index it and ensure it's secure for visitors.
2026-03-20,6,What is Technical SEO?,https://www.geeksforgeeks.org/blogs/what-is-technical-seo/,Technical SEO is a method of optimizing a website's technical elements to improve its performance in SERPs or Search Engine Result Pages.
2026-03-20,7,Technical SEO [Beginner's Guide to SEO] - Moz,https://moz.com/beginners-guide-to-seo/technical-seo,Basic technical knowledge will help you optimize your site for search engines and establish credibility with developers.
2026-03-20,8,Introduction to Technical SEO Basics,https://neilpatel.com/blog/technical-seo/,Technical SEO is the process of making your site more easily crawled and indexed by search engines. Learn the importance and basics of tech SEO here.
2026-03-21,1,TechnicalSEO.com | SEO Tools & Insights,https://technicalseo.com/,"Technical SEO is defined by configurations that can be implemented to the website and server (e.g. page elements, HTTP header responses, XML Sitemaps, redirects ..."
2026-03-21,2,What Is Technical SEO? Basics and Best Practices,https://www.semrush.com/blog/technical-seo/,"Technical SEO is about improving your website to make it easier for search engines to find, understand, and store your content."
2026-03-21,3,Technical SEO Techniques and Strategies,https://developers.google.com/search/docs/fundamentals/get-started,"This guide covers more in-depth SEO tasks, such as preparing for a site move or managing a multi-lingual site."
2026-03-21,4,Technical SEO,https://www.mtu.edu/umc/services/websites/seo/technical-seo/,Technical SEO is the process of optimizing the technical aspects of a website to improve its search engine rankings.
2026-03-21,5,Technical SEO [Beginner's Guide to SEO] - Moz,https://moz.com/beginners-guide-to-seo/technical-seo,Basic technical knowledge will help you optimize your site for search engines and establish credibility with developers.
2026-03-21,6,The Beginner's Guide to Technical SEO,https://ahrefs.com/blog/technical-seo/,"Technical SEO is the practice of optimizing your website to help search engines find, crawl, understand, and index your pages."
2026-03-21,7,What Is Technical SEO? The Best Checklist in 2025,https://aioseo.com/technical-seo/,"Technical SEO refers to optimizing the non-content elements of a website to improve crawlability, indexability, and ultimately improve search ..."
2026-03-21,8,What's technical SEO? 8 technical aspects everyone ...,https://yoast.com/what-is-technical-seo/,Technical SEO is all about improving a website's technical aspects to increase its pages' ranking in the search engines.
2026-03-22,1,TechnicalSEO.com | SEO Tools & Insights,https://technicalseo.com/,"Technical SEO is defined by configurations that can be implemented to the website and server (e.g. page elements, HTTP header responses, XML Sitemaps, redirects ..."
2026-03-22,2,What Is Technical SEO? Basics and Best Practices,https://www.semrush.com/blog/technical-seo/,"Technical SEO is about improving your website to make it easier for search engines to find, understand, and store your content."
2026-03-22,3,Technical SEO Techniques and Strategies,https://developers.google.com/search/docs/fundamentals/get-started,"This guide covers more in-depth SEO tasks, such as preparing for a site move or managing a multi-lingual site."
2026-03-22,4,Technical SEO,https://www.mtu.edu/umc/services/websites/seo/technical-seo/,Technical SEO is the process of optimizing the technical aspects of a website to improve its search engine rankings.
2026-03-22,5,Technical SEO [Beginner's Guide to SEO] - Moz,https://moz.com/beginners-guide-to-seo/technical-seo,Basic technical knowledge will help you optimize your site for search engines and establish credibility with developers.
2026-03-22,6,What is Technical SEO?,https://www.geeksforgeeks.org/blogs/what-is-technical-seo/,Technical SEO is a method of optimizing a website's technical elements to improve its performance in SERPs or Search Engine Result Pages.
2026-03-22,7,What's technical SEO? 8 technical aspects everyone ...,https://yoast.com/what-is-technical-seo/,Technical SEO is all about improving a website's technical aspects to increase its pages' ranking in the search engines.
2026-03-22,8,The Beginner's Guide to Technical SEO,https://ahrefs.com/blog/technical-seo/,"Technical SEO is the practice of optimizing your website to help search engines find, crawl, understand, and index your pages."
2026-03-23,1,TechnicalSEO.com | SEO Tools & Insights,https://technicalseo.com/,"Technical SEO is defined by configurations that can be implemented to the website and server (e.g. page elements, HTTP header responses, XML Sitemaps, redirects ..."
2026-03-23,2,What Is Technical SEO? Basics and Best Practices,https://www.semrush.com/blog/technical-seo/,"Technical SEO is about improving your website to make it easier for search engines to find, understand, and store your content."
2026-03-23,3,Technical SEO Techniques and Strategies,https://developers.google.com/search/docs/fundamentals/get-started,"This guide covers more in-depth SEO tasks, such as preparing for a site move or managing a multi-lingual site."
2026-03-23,4,Technical SEO,https://www.mtu.edu/umc/services/websites/seo/technical-seo/,Technical SEO is the process of optimizing the technical aspects of a website to improve its search engine rankings.
2026-03-23,5,Technical SEO [Beginner's Guide to SEO] - Moz,https://moz.com/beginners-guide-to-seo/technical-seo,Basic technical knowledge will help you optimize your site for search engines and establish credibility with developers.
2026-03-23,6,The Beginner's Guide to Technical SEO,https://ahrefs.com/blog/technical-seo/,"Technical SEO is the practice of optimizing your website to help search engines find, crawl, understand, and index your pages."
2026-03-23,7,What's technical SEO? 8 technical aspects everyone ...,https://yoast.com/what-is-technical-seo/,Technical SEO is all about improving a website's technical aspects to increase its pages' ranking in the search engines.
2026-03-23,8,What is Technical SEO?,https://www.geeksforgeeks.org/blogs/what-is-technical-seo/,Technical SEO is a method of optimizing a website's technical elements to improve its performance in SERPs or Search Engine Result Pages.
2026-03-24,1,TechnicalSEO.com | SEO Tools & Insights,https://technicalseo.com/,"Technical SEO is defined by configurations that can be implemented to the website and server (e.g. page elements, HTTP header responses, XML Sitemaps, redirects ..."
2026-03-24,2,What Is Technical SEO? Basics and Best Practices,https://www.semrush.com/blog/technical-seo/,"Technical SEO is about improving your website to make it easier for search engines to find, understand, and store your content."
2026-03-24,3,Technical SEO Techniques and Strategies,https://developers.google.com/search/docs/fundamentals/get-started,"This guide covers more in-depth SEO tasks, such as preparing for a site move or managing a multi-lingual site."
2026-03-24,4,What Is Technical SEO? The Definitive Guide,https://searchengineland.com/guide/what-is-technical-seo,"Technical SEO is the process of optimizing your website's infrastructure so search engines can crawl, render, index, and serve your content correctly and ..."
2026-03-24,5,What's technical SEO? 8 technical aspects everyone ...,https://yoast.com/what-is-technical-seo/,Technical SEO is all about improving a website's technical aspects to increase its pages' ranking in the search engines.
2026-03-24,6,Technical SEO,https://www.mtu.edu/umc/services/websites/seo/technical-seo/,Technical SEO is the process of optimizing the technical aspects of a website to improve its search engine rankings.
2026-03-24,7,What is Technical SEO?,https://www.geeksforgeeks.org/blogs/what-is-technical-seo/,Technical SEO is a method of optimizing a website's technical elements to improve its performance in SERPs or Search Engine Result Pages.
2026-03-24,8,The Beginner's Guide to Technical SEO,https://ahrefs.com/blog/technical-seo/,"Technical SEO is the practice of optimizing your website to help search engines find, crawl, understand, and index your pages."
2026-03-25,1,TechnicalSEO.com | SEO Tools & Insights,https://technicalseo.com/,"Technical SEO is defined by configurations that can be implemented to the website and server (e.g. page elements, HTTP header responses, XML Sitemaps, redirects ..."
2026-03-25,2,What Is Technical SEO? Basics and Best Practices,https://www.semrush.com/blog/technical-seo/,"Technical SEO is about improving your website to make it easier for search engines to find, understand, and store your content."
2026-03-25,3,Technical SEO Techniques and Strategies,https://developers.google.com/search/docs/fundamentals/get-started,"This guide covers more in-depth SEO tasks, such as preparing for a site move or managing a multi-lingual site."
2026-03-25,4,Technical SEO,https://www.mtu.edu/umc/services/websites/seo/technical-seo/,Technical SEO is the process of optimizing the technical aspects of a website to improve its search engine rankings.
2026-03-25,5,Technical SEO [Beginner's Guide to SEO] - Moz,https://moz.com/beginners-guide-to-seo/technical-seo,Basic technical knowledge will help you optimize your site for search engines and establish credibility with developers.
2026-03-25,6,What's technical SEO? 8 technical aspects everyone ...,https://yoast.com/what-is-technical-seo/,Technical SEO is all about improving a website's technical aspects to increase its pages' ranking in the search engines.
2026-03-25,7,The Beginner's Guide to Technical SEO,https://ahrefs.com/blog/technical-seo/,"Technical SEO is the practice of optimizing your website to help search engines find, crawl, understand, and index your pages."
2026-03-25,8,What Is Technical SEO? The Definitive Guide,https://searchengineland.com/guide/what-is-technical-seo,"Technical SEO is the process of optimizing your website's infrastructure so search engines can crawl, render, index, and serve your content correctly and ..."
2026-03-25,9,What Is Technical SEO? The Best Checklist in 2025,https://aioseo.com/technical-seo/,Technical SEO refers to optimizing the technical elements of your website and server that impact your performance and user experience.
2026-03-26,1,TechnicalSEO.com | SEO Tools & Insights,https://technicalseo.com/,We believe quality SEO helps create an improved user experience. Our approach focuses on relevance and technical efficiency: helping search engines deliver the ...
2026-03-26,2,What Is Technical SEO? Basics and Best Practices,https://www.semrush.com/blog/technical-seo/,"Technical SEO is about improving your website to make it easier for search engines to find, understand, and store your content."
2026-03-26,3,Technical SEO Techniques and Strategies,https://developers.google.com/search/docs/fundamentals/get-started,"This guide covers more in-depth SEO tasks, such as preparing for a site move or managing a multi-lingual site."
2026-03-26,4,Technical SEO,https://www.mtu.edu/umc/services/websites/seo/technical-seo/,Technical SEO is the process of optimizing the technical aspects of a website to improve its search engine rankings.
2026-03-26,5,The Beginner's Guide to Technical SEO,https://ahrefs.com/blog/technical-seo/,"Technical SEO is the practice of optimizing your website to help search engines find, crawl, understand, and index your pages."
2026-03-26,6,What Is Technical SEO? The Definitive Guide,https://searchengineland.com/guide/what-is-technical-seo,"Technical SEO is the process of optimizing your website's infrastructure so search engines can crawl, render, index, and serve your content correctly and ..."
2026-03-26,7,Technical SEO [Beginner's Guide to SEO] - Moz,https://moz.com/beginners-guide-to-seo/technical-seo,Basic technical knowledge will help you optimize your site for search engines and establish credibility with developers.
2026-03-26,8,What's technical SEO? 8 technical aspects everyone ...,https://yoast.com/what-is-technical-seo/,Technical SEO is all about improving a website's technical aspects to increase its pages' ranking in the search engines.
2026-03-26,9,Technical SEO: The Ultimate Guide for 2026,https://backlinko.com/technical-seo-guide,Technical SEO is the process of ensuring that a website meets the technical requirements of modern search engines with the goal of improved organic rankings.
2026-03-27,1,TechnicalSEO.com | SEO Tools & Insights,https://technicalseo.com/,"Technical SEO is defined by configurations that can be implemented to the website and server (e.g. page elements, HTTP header responses, XML Sitemaps, redirects ..."
2026-03-27,2,What Is Technical SEO? Basics and Best Practices,https://www.semrush.com/blog/technical-seo/,"Technical SEO is about improving your website to make it easier for search engines to find, understand, and store your content."
2026-03-27,3,Technical SEO Techniques and Strategies,https://developers.google.com/search/docs/fundamentals/get-started,"This guide covers more in-depth SEO tasks, such as preparing for a site move or managing a multi-lingual site."
2026-03-27,4,What Is Technical SEO? The Definitive Guide,https://searchengineland.com/guide/what-is-technical-seo,"Technical SEO is the process of optimizing your website's infrastructure so search engines can crawl, render, index, and serve your content correctly and ..."
2026-03-27,5,The Beginner's Guide to Technical SEO,https://ahrefs.com/blog/technical-seo/,"Technical SEO is the practice of optimizing your website to help search engines find, crawl, understand, and index your pages."
2026-03-27,6,What's technical SEO? 8 technical aspects everyone ...,https://yoast.com/what-is-technical-seo/,Technical SEO is all about improving a website's technical aspects to increase its pages' ranking in the search engines.
2026-03-27,7,Technical SEO,https://www.mtu.edu/umc/services/websites/seo/technical-seo/,Technical SEO is the process of optimizing the technical aspects of a website to improve its search engine rankings.
2026-03-27,8,What is Technical SEO?,https://www.geeksforgeeks.org/blogs/what-is-technical-seo/,Technical SEO is a method of optimizing a website's technical elements to improve its performance in SERPs or Search Engine Result Pages.
2026-03-27,9,Technical SEO [Beginner's Guide to SEO] - Moz,https://moz.com/beginners-guide-to-seo/technical-seo,Basic technical knowledge will help you optimize your site for search engines and establish credibility with developers.
2026-03-28,1,TechnicalSEO.com | SEO Tools & Insights,https://technicalseo.com/,"Technical SEO is defined by configurations that can be implemented to the website and server (e.g. page elements, HTTP header responses, XML Sitemaps, redirects ..."
2026-03-28,2,What Is Technical SEO? Basics and Best Practices,https://www.semrush.com/blog/technical-seo/,"Technical SEO is about improving your website to make it easier for search engines to find, understand, and store your content."
2026-03-28,3,Technical SEO Techniques and Strategies,https://developers.google.com/search/docs/fundamentals/get-started,"This guide covers more in-depth SEO tasks, such as preparing for a site move or managing a multi-lingual site."
2026-03-28,4,What Is Technical SEO? The Definitive Guide,https://searchengineland.com/guide/what-is-technical-seo,"Technical SEO is the process of optimizing your website's infrastructure so search engines can crawl, render, index, and serve your content correctly and ..."
2026-03-28,5,Technical SEO,https://www.mtu.edu/umc/services/websites/seo/technical-seo/,Technical SEO is the process of optimizing the technical aspects of a website to improve its search engine rankings.
2026-03-28,6,The Beginner's Guide to Technical SEO,https://ahrefs.com/blog/technical-seo/,"Technical SEO is the practice of optimizing your website to help search engines find, crawl, understand, and index your pages."
2026-03-28,7,What's technical SEO? 8 technical aspects everyone ...,https://yoast.com/what-is-technical-seo/,Technical SEO is all about improving a website's technical aspects to increase its pages' ranking in the search engines.
2026-03-28,8,Technical SEO [Beginner's Guide to SEO] - Moz,https://moz.com/beginners-guide-to-seo/technical-seo,Basic technical knowledge will help you optimize your site for search engines and establish credibility with developers.
2026-03-28,9,What is Technical SEO?,https://www.geeksforgeeks.org/blogs/what-is-technical-seo/,"Technical SEO, in simple terms, refers to the optimization of a website's technical elements to improve its visibility and performance in ..."
2026-03-29,1,TechnicalSEO.com | SEO Tools & Insights,https://technicalseo.com/,"Technical SEO is defined by configurations that can be implemented to the website and server (e.g. page elements, HTTP header responses, XML Sitemaps, redirects ..."
2026-03-29,2,What Is Technical SEO? Basics and Best Practices,https://www.semrush.com/blog/technical-seo/,"Technical SEO is about improving your website to make it easier for search engines to find, understand, and store your content."
2026-03-29,3,Technical SEO Techniques and Strategies,https://developers.google.com/search/docs/fundamentals/get-started,"This guide covers more in-depth SEO tasks, such as preparing for a site move or managing a multi-lingual site."
2026-03-29,4,Technical SEO,https://www.mtu.edu/umc/services/websites/seo/technical-seo/,Technical SEO is the process of optimizing the technical aspects of a website to improve its search engine rankings.
2026-03-29,5,The Beginner's Guide to Technical SEO,https://ahrefs.com/blog/technical-seo/,"Technical SEO is the practice of optimizing your website to help search engines find, crawl, understand, and index your pages."
2026-03-29,6,Technical SEO [Beginner's Guide to SEO] - Moz,https://moz.com/beginners-guide-to-seo/technical-seo,Basic technical knowledge will help you optimize your site for search engines and establish credibility with developers.
2026-03-29,7,What Is Technical SEO? The Best Checklist in 2025,https://aioseo.com/technical-seo/,"Technical SEO refers to optimizing the non-content elements of a website to improve crawlability, indexability, and ultimately improve search ..."
2026-03-29,8,What's technical SEO? 8 technical aspects everyone ...,https://yoast.com/what-is-technical-seo/,Technical SEO is all about improving a website's technical aspects to increase its pages' ranking in the search engines.
2026-03-30,1,TechnicalSEO.com | SEO Tools & Insights,https://technicalseo.com/,"Technical SEO is defined by configurations that can be implemented to the website and server (e.g. page elements, HTTP header responses, XML Sitemaps, redirects ..."
2026-03-30,2,What Is Technical SEO? Basics and Best Practices,https://www.semrush.com/blog/technical-seo/,"Technical SEO is about improving your website to make it easier for search engines to find, understand, and store your content."
2026-03-30,3,Technical SEO Techniques and Strategies,https://developers.google.com/search/docs/fundamentals/get-started,"This guide covers more in-depth SEO tasks, such as preparing for a site move or managing a multi-lingual site."
2026-03-30,4,Technical SEO,https://www.mtu.edu/umc/services/websites/seo/technical-seo/,Technical SEO is the process of optimizing the technical aspects of a website to improve its search engine rankings.
2026-03-30,5,The Beginner's Guide to Technical SEO,https://ahrefs.com/blog/technical-seo/,"Technical SEO is the practice of optimizing your website to help search engines find, crawl, understand, and index your pages."
2026-03-30,6,Technical SEO [Beginner's Guide to SEO] - Moz,https://moz.com/beginners-guide-to-seo/technical-seo,Basic technical knowledge will help you optimize your site for search engines and establish credibility with developers.
2026-03-30,7,What Is Technical SEO? The Best Checklist in 2025,https://aioseo.com/technical-seo/,Technical SEO refers to optimizing the technical elements of your website and server that impact your performance and user experience.
2026-03-30,8,What's technical SEO? 8 technical aspects everyone ...,https://yoast.com/what-is-technical-seo/,Technical SEO is all about improving a website's technical aspects to increase its pages' ranking in the search engines.
2026-03-31,1,TechnicalSEO.com | SEO Tools & Insights,https://technicalseo.com/,"Technical SEO is defined by configurations that can be implemented to the website and server (e.g. page elements, HTTP header responses, XML Sitemaps, redirects ..."
2026-03-31,2,Technical SEO Techniques and Strategies,https://developers.google.com/search/docs/fundamentals/get-started,"This guide covers more in-depth SEO tasks, such as preparing for a site move or managing a multi-lingual site."
2026-03-31,3,What Is Technical SEO? Basics and Best Practices,https://www.semrush.com/blog/technical-seo/,"Technical SEO is about improving your website to make it easier for search engines to find, understand, and store your content."
2026-03-31,4,Technical SEO,https://www.mtu.edu/umc/services/websites/seo/technical-seo/,Technical SEO is the process of optimizing the technical aspects of a website to improve its search engine rankings.
2026-03-31,5,The Beginner's Guide to Technical SEO,https://ahrefs.com/blog/technical-seo/,"Technical SEO is the practice of optimizing your website to help search engines find, crawl, understand, and index your pages."
2026-03-31,6,Technical SEO [Beginner's Guide to SEO] - Moz,https://moz.com/beginners-guide-to-seo/technical-seo,Basic technical knowledge will help you optimize your site for search engines and establish credibility with developers.
2026-03-31,7,What Is Technical SEO? The Best Checklist in 2025,https://aioseo.com/technical-seo/,"Technical SEO refers to optimizing the non-content elements of a website to improve crawlability, indexability, and ultimately improve search ..."
2026-03-31,8,What's technical SEO? 8 technical aspects everyone ...,https://yoast.com/what-is-technical-seo/,Technical SEO is all about improving a website's technical aspects to increase its pages' ranking in the search engines.
2026-04-01,1,TechnicalSEO.com | SEO Tools & Insights,https://technicalseo.com/,"Technical SEO is defined by configurations that can be implemented to the website and server (e.g. page elements, HTTP header responses, XML Sitemaps, redirects ..."
2026-04-01,2,What Is Technical SEO? Basics and Best Practices,https://www.semrush.com/blog/technical-seo/,"Technical SEO is about improving your website to make it easier for search engines to find, understand, and store your content. It also involves ..."
2026-04-01,3,Technical SEO Techniques and Strategies,https://developers.google.com/search/docs/fundamentals/get-started,"This guide covers more in-depth SEO tasks, such as preparing for a site move or managing a multi-lingual site."
2026-04-01,4,Technical SEO,https://www.mtu.edu/umc/services/websites/seo/technical-seo/,Technical SEO is the process of optimizing the technical aspects of a website to improve its search engine rankings.
2026-04-01,5,The Beginner's Guide to Technical SEO,https://ahrefs.com/blog/technical-seo/,"Technical SEO is the practice of optimizing your website to help search engines find, crawl, understand, and index your pages."
2026-04-01,6,Technical SEO for generative search: Optimizing for AI ...,https://searchengineland.com/technical-seo-generative-search-optimizing-ai-agents-473039,"Technical SEO extends beyond indexing to how content is discovered and used, especially as AI systems generate answers instead of listing pages."
2026-04-01,7,Introduction to Technical SEO Basics,https://neilpatel.com/blog/technical-seo/,Technical SEO is the process of making your site more easily crawled and indexed by search engines. Learn the importance and basics of tech SEO here.
2026-04-01,8,What Is Technical SEO? (10-Point Checklist Included),https://www.webfx.com/blog/seo/what-is-technical-seo/,Technical SEO is a set of website and server optimizations that make your site easier for crawlers and website visitors to understand and use.
2026-04-02,1,TechnicalSEO.com | SEO Tools & Insights,https://technicalseo.com/,"Technical SEO is defined by configurations that can be implemented to the website and server (e.g. page elements, HTTP header responses, XML Sitemaps, redirects ..."
2026-04-02,2,Technical SEO Techniques and Strategies,https://developers.google.com/search/docs/fundamentals/get-started,"This guide covers more in-depth SEO tasks, such as preparing for a site move or managing a multi-lingual site."
2026-04-02,3,What Is Technical SEO? Basics and Best Practices,https://www.semrush.com/blog/technical-seo/,"Technical SEO is about improving your website to make it easier for search engines to find, understand, and store your content. It also involves ..."
2026-04-02,4,Technical SEO for generative search: Optimizing for AI ...,https://searchengineland.com/technical-seo-generative-search-optimizing-ai-agents-473039,"Technical SEO extends beyond indexing to how content is discovered and used, especially as AI systems generate answers instead of listing pages."
2026-04-02,5,Technical SEO: The Ultimate Guide for 2026,https://backlinko.com/technical-seo-guide,Technical SEO is the process of ensuring that a website meets the technical requirements of modern search engines with the goal of improved organic rankings.
2026-04-02,6,Technical SEO,https://www.mtu.edu/umc/services/websites/seo/technical-seo/,Technical SEO is the process of optimizing the technical aspects of a website to improve its search engine rankings.
2026-04-02,7,What is Technical SEO?,https://www.geeksforgeeks.org/blogs/what-is-technical-seo/,Technical SEO is a method of optimizing a website's technical elements to improve its performance in SERPs or Search Engine Result Pages.
2026-04-02,8,The Beginner's Guide to Technical SEO,https://ahrefs.com/blog/technical-seo/,"Technical SEO is the practice of optimizing your website to help search engines find, crawl, understand, and index your pages."
2026-04-03,1,TechnicalSEO.com | SEO Tools & Insights,https://technicalseo.com/,"Technical SEO is defined by configurations that can be implemented to the website and server (e.g. page elements, HTTP header responses, XML Sitemaps, redirects ..."
2026-04-03,2,Technical SEO Techniques and Strategies,https://developers.google.com/search/docs/fundamentals/get-started,"This guide covers more in-depth SEO tasks, such as preparing for a site move or managing a multi-lingual site."
2026-04-03,3,What Is Technical SEO? Basics and Best Practices,https://www.semrush.com/blog/technical-seo/,"Technical SEO is about improving your website to make it easier for search engines to find, understand, and store your content. It also involves ..."
2026-04-03,4,Technical SEO for generative search: Optimizing for AI ...,https://searchengineland.com/technical-seo-generative-search-optimizing-ai-agents-473039,"Technical SEO extends beyond indexing to how content is discovered and used, especially as AI systems generate answers instead of listing pages."
2026-04-03,5,Technical SEO: The Ultimate Guide for 2026,https://backlinko.com/technical-seo-guide,Technical SEO is the process of ensuring that a website meets the technical requirements of modern search engines with the goal of improved organic rankings.
2026-04-03,6,The Beginner's Guide to Technical SEO,https://ahrefs.com/blog/technical-seo/,"Technical SEO is the practice of optimizing your website to help search engines find, crawl, understand, and index your pages."
2026-04-03,7,What is Technical SEO?,https://www.geeksforgeeks.org/blogs/what-is-technical-seo/,Technical SEO is a method of optimizing a website's technical elements to improve its performance in SERPs or Search Engine Result Pages.
2026-04-03,8,Technical SEO,https://www.mtu.edu/umc/services/websites/seo/technical-seo/,Technical SEO is the process of optimizing the technical aspects of a website to improve its search engine rankings.
2026-04-04,1,TechnicalSEO.com | SEO Tools & Insights,https://technicalseo.com/,"Technical SEO is defined by configurations that can be implemented to the website and server (e.g. page elements, HTTP header responses, XML Sitemaps, redirects ..."
2026-04-04,2,What Is Technical SEO? Basics and Best Practices,https://www.semrush.com/blog/technical-seo/,"Technical SEO is about improving your website to make it easier for search engines to find, understand, and store your content."
2026-04-04,3,Technical SEO Techniques and Strategies,https://developers.google.com/search/docs/fundamentals/get-started,"This guide covers more in-depth SEO tasks, such as preparing for a site move or managing a multi-lingual site."
2026-04-04,4,Technical SEO,https://www.mtu.edu/umc/services/websites/seo/technical-seo/,Technical SEO is the process of optimizing the technical aspects of a website to improve its search engine rankings. It involves making changes to a website's ...
2026-04-04,5,What is Technical SEO?,https://www.geeksforgeeks.org/blogs/what-is-technical-seo/,Technical SEO is a method of optimizing a website's technical elements to improve its performance in SERPs or Search Engine Result Pages.
2026-04-04,6,What Is Technical SEO? The Best Checklist in 2025,https://aioseo.com/technical-seo/,"Technical SEO refers to optimizing the non-content elements of a website to improve crawlability, indexability, and ultimately improve search ..."
2026-04-04,7,Introduction to Technical SEO Basics,https://neilpatel.com/blog/technical-seo/,Technical SEO is the process of making your site more easily crawled and indexed by search engines. Learn the importance and basics of tech SEO here.
2026-04-04,8,The Beginner's Guide to Technical SEO,https://ahrefs.com/blog/technical-seo/,"Technical SEO is the practice of optimizing your website to help search engines find, crawl, understand, and index your pages."
2026-04-05,1,TechnicalSEO.com | SEO Tools & Insights,https://technicalseo.com/,"Technical SEO is defined by configurations that can be implemented to the website and server (e.g. page elements, HTTP header responses, XML Sitemaps, redirects ..."
2026-04-05,2,What Is Technical SEO? Basics and Best Practices,https://www.semrush.com/blog/technical-seo/,"Technical SEO is about improving your website to make it easier for search engines to find, understand, and store your content."
2026-04-05,3,Technical SEO Techniques and Strategies,https://developers.google.com/search/docs/fundamentals/get-started,"This guide covers more in-depth SEO tasks, such as preparing for a site move or managing a multi-lingual site."
2026-04-05,4,The Beginner's Guide to Technical SEO,https://ahrefs.com/blog/technical-seo/,"Technical SEO is the practice of optimizing your website to help search engines find, crawl, understand, and index your pages."
2026-04-05,5,Technical SEO,https://www.mtu.edu/umc/services/websites/seo/technical-seo/,Technical SEO is the process of optimizing the technical aspects of a website to improve its search engine rankings. It involves making changes to a website's ...
2026-04-05,6,Technical SEO for generative search: Optimizing for AI ...,https://searchengineland.com/technical-seo-generative-search-optimizing-ai-agents-473039,"Technical SEO extends beyond indexing to how content is discovered and used, especially as AI systems generate answers instead of listing pages."
2026-04-05,7,What is Technical SEO?,https://www.geeksforgeeks.org/blogs/what-is-technical-seo/,Technical SEO is a method of optimizing a website's technical elements to improve its performance in SERPs or Search Engine Result Pages.
2026-04-05,8,What Is Technical SEO? The Best Checklist in 2025,https://aioseo.com/technical-seo/,Technical SEO refers to optimizing the technical elements of your website and server that impact your performance and user experience.
2026-04-06,1,TechnicalSEO.com | SEO Tools & Insights,https://technicalseo.com/,"Technical SEO is defined by configurations that can be implemented to the website and server (e.g. page elements, HTTP header responses, XML Sitemaps, redirects ..."
2026-04-06,2,Technical SEO Techniques and Strategies,https://developers.google.com/search/docs/fundamentals/get-started,"This guide covers more in-depth SEO tasks, such as preparing for a site move or managing a multi-lingual site."
2026-04-06,3,What Is Technical SEO? Basics and Best Practices,https://www.semrush.com/blog/technical-seo/,"Technical SEO is about improving your website to make it easier for search engines to find, understand, and store your content."
2026-04-06,4,Technical SEO,https://www.mtu.edu/umc/services/websites/seo/technical-seo/,Technical SEO is the process of optimizing the technical aspects of a website to improve its search engine rankings. It involves making changes to a website's ...
2026-04-06,5,Technical SEO [Beginner's Guide to SEO],https://moz.com/beginners-guide-to-seo/technical-seo,Basic technical knowledge will help you optimize your site for search engines and establish credibility with developers.
2026-04-06,6,The Beginner's Guide to Technical SEO,https://ahrefs.com/blog/technical-seo/,"Technical SEO is the practice of optimizing your website to help search engines find, crawl, understand, and index your pages."
2026-04-06,7,What is Technical SEO?,https://www.geeksforgeeks.org/blogs/what-is-technical-seo/,Technical SEO is a method of optimizing a website's technical elements to improve its performance in SERPs or Search Engine Result Pages.
2026-04-06,8,Technical SEO: The Ultimate Guide for 2026,https://backlinko.com/technical-seo-guide,Technical SEO is the process of ensuring that a website meets the technical requirements of modern search engines with the goal of improved organic rankings.
2026-04-07,1,TechnicalSEO.com | SEO Tools & Insights,https://technicalseo.com/,"Technical SEO is defined by configurations that can be implemented to the website and server (e.g. page elements, HTTP header responses, XML Sitemaps, redirects ..."
2026-04-07,2,What Is Technical SEO? Basics and Best Practices,https://www.semrush.com/blog/technical-seo/,"Technical SEO is about improving your website to make it easier for search engines to find, understand, and store your content."
2026-04-07,3,Technical SEO Techniques and Strategies,https://developers.google.com/search/docs/fundamentals/get-started,"This guide covers more in-depth SEO tasks, such as preparing for a site move or managing a multi-lingual site."
2026-04-07,4,Technical SEO,https://www.mtu.edu/umc/services/websites/seo/technical-seo/,Technical SEO is the process of optimizing the technical aspects of a website to improve its search engine rankings. It involves making changes to a website's ...
2026-04-07,5,What is Technical SEO?,https://www.geeksforgeeks.org/blogs/what-is-technical-seo/,Technical SEO is a method of optimizing a website's technical elements to improve its performance in SERPs or Search Engine Result Pages.
2026-04-07,6,The Beginner's Guide to Technical SEO,https://ahrefs.com/blog/technical-seo/,"Technical SEO is the practice of optimizing your website to help search engines find, crawl, understand, and index your pages."
2026-04-07,7,Introduction to Technical SEO Basics,https://neilpatel.com/blog/technical-seo/,Technical SEO is the process of making your site more easily crawled and indexed by search engines. Learn the importance and basics of tech SEO here.
2026-04-07,8,What Is Technical SEO? (10-Point Checklist Included),https://www.webfx.com/blog/seo/what-is-technical-seo/,Technical SEO is a set of website and server optimizations that make your site easier for crawlers and website visitors to understand and use.
2026-04-08,1,TechnicalSEO.com | SEO Tools & Insights,https://technicalseo.com/,"Technical SEO is defined by configurations that can be implemented to the website and server (e.g. page elements, HTTP header responses, XML Sitemaps, redirects ..."
2026-04-08,2,What Is Technical SEO? Basics and Best Practices,https://www.semrush.com/blog/technical-seo/,"Technical SEO is about improving your website to make it easier for search engines to find, understand, and store your content."
2026-04-08,3,Technical SEO Techniques and Strategies,https://developers.google.com/search/docs/fundamentals/get-started,"This guide covers more in-depth SEO tasks, such as preparing for a site move or managing a multi-lingual site."
2026-04-08,4,The Beginner's Guide to Technical SEO,https://ahrefs.com/blog/technical-seo/,"Technical SEO is the practice of optimizing your website to help search engines find, crawl, understand, and index your pages."
2026-04-08,5,Technical SEO,https://www.mtu.edu/umc/services/websites/seo/technical-seo/,Technical SEO is the process of optimizing the technical aspects of a website to improve its search engine rankings. It involves making changes to a website's ...
2026-04-08,6,What Is Technical SEO? The Best Checklist in 2025,https://aioseo.com/technical-seo/,"Technical SEO refers to optimizing the non-content elements of a website to improve crawlability, indexability, and ultimately improve search ..."
2026-04-08,7,What Is Technical SEO? (10-Point Checklist Included),https://www.webfx.com/blog/seo/what-is-technical-seo/,Technical SEO is a set of website and server optimizations that make your site easier for crawlers and website visitors to understand and use.
2026-04-08,8,SEO Tools,https://technicalseo.com/tools/,"A set of free SEO tools to help you make your website technically search engine friendly: robots.txt testing tool, fetch & render, schema.org structured ..."
2026-04-09,1,TechnicalSEO.com | SEO Tools & Insights,https://technicalseo.com/,"Technical SEO is defined by configurations that can be implemented to the website and server (e.g. page elements, HTTP header responses, XML Sitemaps, redirects ..."
2026-04-09,2,What Is Technical SEO? Basics and Best Practices,https://www.semrush.com/blog/technical-seo/,"Technical SEO is about improving your website to make it easier for search engines to find, understand, and store your content."
2026-04-09,3,Technical SEO Techniques and Strategies,https://developers.google.com/search/docs/fundamentals/get-started,"This guide covers more in-depth SEO tasks, such as preparing for a site move or managing a multi-lingual site."
2026-04-09,4,Technical SEO,https://www.mtu.edu/umc/services/websites/seo/technical-seo/,Technical SEO is the process of optimizing the technical aspects of a website to improve its search engine rankings. It involves making changes to a website's ...
2026-04-09,5,The Beginner's Guide to Technical SEO,https://ahrefs.com/blog/technical-seo/,"Technical SEO is the practice of optimizing your website to help search engines find, crawl, understand, and index your pages."
2026-04-09,6,What is Technical SEO?,https://www.geeksforgeeks.org/blogs/what-is-technical-seo/,"Technical SEO, in simple terms, refers to the optimization of a website's technical elements to improve its visibility and performance in ..."
2026-04-09,7,What Is Technical SEO? The Best Checklist in 2025,https://aioseo.com/technical-seo/,Technical SEO refers to optimizing the technical elements of your website and server that impact your performance and user experience.
2026-04-09,8,SEO Tools,https://technicalseo.com/tools/,"A set of free SEO tools to help you make your website technically search engine friendly: robots.txt testing tool, fetch & render, schema.org structured ..."
2026-04-10,1,TechnicalSEO.com | SEO Tools & Insights,https://technicalseo.com/,"Technical SEO is defined by configurations that can be implemented to the website and server (e.g. page elements, HTTP header responses, XML Sitemaps, redirects ..."
2026-04-10,2,Technical SEO Techniques and Strategies,https://developers.google.com/search/docs/fundamentals/get-started,"This guide covers more in-depth SEO tasks, such as preparing for a site move or managing a multi-lingual site."
2026-04-10,3,What Is Technical SEO? Basics and Best Practices,https://www.semrush.com/blog/technical-seo/,"Technical SEO is about improving your website to make it easier for search engines to find, understand, and store your content."
2026-04-10,4,Technical SEO,https://www.mtu.edu/umc/services/websites/seo/technical-seo/,Technical SEO is the process of optimizing the technical aspects of a website to improve its search engine rankings. It involves making changes to a website's ...
2026-04-10,5,What is Technical SEO?,https://www.geeksforgeeks.org/blogs/what-is-technical-seo/,Technical SEO is a method of optimizing a website's technical elements to improve its performance in SERPs or Search Engine Result Pages.
2026-04-10,6,The Beginner's Guide to Technical SEO,https://ahrefs.com/blog/technical-seo/,"Technical SEO is the practice of optimizing your website to help search engines find, crawl, understand, and index your pages."
2026-04-10,7,What Is Technical SEO? The Best Checklist in 2025,https://aioseo.com/technical-seo/,Technical SEO refers to optimizing the technical elements of your website and server that impact your performance and user experience.
2026-04-10,8,What Is Technical SEO? (10-Point Checklist Included),https://www.webfx.com/blog/seo/what-is-technical-seo/,Technical SEO is a set of website and server optimizations that make your site easier for crawlers and website visitors to understand and use.
2026-04-10,9,What is technical SEO? [with 10 examples],https://wpseoai.com/blog/what-is-technical-seo-with-10-examples/,10 powerful technical SEO examples to implement today · 1. Site Speed Optimization · 2. Mobile-First Optimization · 3. HTTPS Implementation · 4.
2026-04-11,1,TechnicalSEO.com | SEO Tools & Insights,https://technicalseo.com/,"Technical SEO is defined by configurations that can be implemented to the website and server (e.g. page elements, HTTP header responses, XML Sitemaps, redirects ..."
2026-04-11,2,What Is Technical SEO? Basics and Best Practices,https://www.semrush.com/blog/technical-seo/,"Technical SEO is about improving your website to make it easier for search engines to find, understand, and store your content."
2026-04-11,3,Technical SEO Techniques and Strategies,https://developers.google.com/search/docs/fundamentals/get-started,"This guide covers more in-depth SEO tasks, such as preparing for a site move or managing a multi-lingual site."
2026-04-11,4,Technical SEO,https://www.mtu.edu/umc/services/websites/seo/technical-seo/,Technical SEO is the process of optimizing the technical aspects of a website to improve its search engine rankings. It involves making changes to a website's ...
2026-04-11,5,What is Technical SEO?,https://www.geeksforgeeks.org/blogs/what-is-technical-seo/,Technical SEO is a method of optimizing a website's technical elements to improve its performance in SERPs or Search Engine Result Pages.
2026-04-11,6,What Is Technical SEO? The Best Checklist in 2025,https://aioseo.com/technical-seo/,Technical SEO refers to optimizing the technical elements of your website and server that impact your performance and user experience.
2026-04-11,7,What Is Technical SEO? (10-Point Checklist Included),https://www.webfx.com/blog/seo/what-is-technical-seo/,Technical SEO is a set of website and server optimizations that make your site easier for crawlers and website visitors to understand and use.
2026-04-11,8,SEO Tools,https://technicalseo.com/tools/,"A set of free SEO tools to help you make your website technically search engine friendly: robots.txt testing tool, fetch & render, schema.org structured ..."
2026-04-12,1,TechnicalSEO.com | SEO Tools & Insights,https://technicalseo.com/,"Technical SEO is defined by configurations that can be implemented to the website and server (e.g. page elements, HTTP header responses, XML Sitemaps, redirects ..."
2026-04-12,2,What Is Technical SEO? Basics and Best Practices,https://www.semrush.com/blog/technical-seo/,"Technical SEO is about improving your website to make it easier for search engines to find, understand, and store your content."
2026-04-12,3,Technical SEO Techniques and Strategies,https://developers.google.com/search/docs/fundamentals/get-started,"This guide covers more in-depth SEO tasks, such as preparing for a site move or managing a multi-lingual site."
2026-04-12,4,Technical SEO,https://www.mtu.edu/umc/services/websites/seo/technical-seo/,Technical SEO is the process of optimizing the technical aspects of a website to improve its search engine rankings. It involves making changes to a website's ...
2026-04-12,5,What Is Technical SEO? The Best Checklist in 2025,https://aioseo.com/technical-seo/,Technical SEO refers to optimizing the technical elements of your website and server that impact your performance and user experience.
2026-04-12,6,What Is Technical SEO? (10-Point Checklist Included),https://www.webfx.com/blog/seo/what-is-technical-seo/,Technical SEO is a set of website and server optimizations that make your site easier for crawlers and website visitors to understand and use.
2026-04-12,7,SEO Tools,https://technicalseo.com/tools/,"A set of free SEO tools to help you make your website technically search engine friendly: robots.txt testing tool, fetch & render, schema.org structured ..."
2026-04-12,8,Technical SEO: The Ultimate Guide for 2026,https://backlinko.com/technical-seo-guide,Technical SEO is the process of ensuring that a website meets the technical requirements of modern search engines with the goal of improved organic rankings.
2026-04-13,1,TechnicalSEO.com | SEO Tools & Insights,https://technicalseo.com/,"Technical SEO is defined by configurations that can be implemented to the website and server (e.g. page elements, HTTP header responses, XML Sitemaps, redirects ..."
2026-04-13,2,Technical SEO Techniques and Strategies,https://developers.google.com/search/docs/fundamentals/get-started,"This guide covers more in-depth SEO tasks, such as preparing for a site move or managing a multi-lingual site."
2026-04-13,3,What Is Technical SEO? Basics and Best Practices,https://www.semrush.com/blog/technical-seo/,"Technical SEO is about improving your website to make it easier for search engines to find, understand, and store your content."
2026-04-13,4,Technical SEO,https://www.mtu.edu/umc/services/websites/seo/technical-seo/,Technical SEO is the process of optimizing the technical aspects of a website to improve its search engine rankings. It involves making changes to a website's ...
2026-04-13,5,The Beginner's Guide to Technical SEO,https://ahrefs.com/seo/technical-seo,"Technical SEO is the practice of optimizing your website to help search engines find, crawl, understand, and index your pages. It helps increase visibility and ..."
2026-04-13,6,What is Technical SEO?,https://www.geeksforgeeks.org/blogs/what-is-technical-seo/,Technical SEO is a method of optimizing a website's technical elements to improve its performance in SERPs or Search Engine Result Pages.
2026-04-13,7,What Is Technical SEO? The Best Checklist in 2025,https://aioseo.com/technical-seo/,Technical SEO refers to optimizing the technical elements of your website and server that impact your performance and user experience.
2026-04-13,8,The Importance Of Technical Optimization For SEO,https://www.forbes.com/councils/forbesagencycouncil/2020/05/01/the-importance-of-technical-optimization-for-seo/,Technical SEO is what allows search engines like Google to know that you have a website of high value. This is important because it can prompt the search ...
2026-04-13,9,What Is Technical SEO? (10-Point Checklist Included),https://www.webfx.com/blog/seo/what-is-technical-seo/,Technical SEO is a set of website and server optimizations that make your site easier for crawlers and website visitors to understand and use.
2026-04-13,10,SEO Tools,https://technicalseo.com/tools/,"A set of free SEO tools to help you make your website technically search engine friendly: robots.txt testing tool, fetch & render, schema.org structured ..."
2026-04-14,1,TechnicalSEO.com | SEO Tools & Insights,https://technicalseo.com/,"Technical SEO is defined by configurations that can be implemented to the website and server (e.g. page elements, HTTP header responses, XML Sitemaps, redirects ..."
2026-04-14,2,What Is Technical SEO? Basics and Best Practices,https://www.semrush.com/blog/technical-seo/,"Technical SEO is about improving your website to make it easier for search engines to find, understand, and store your content."
2026-04-14,3,Technical SEO Techniques and Strategies,https://developers.google.com/search/docs/fundamentals/get-started,"This guide covers more in-depth SEO tasks, such as preparing for a site move or managing a multi-lingual site."
2026-04-14,4,The Beginner's Guide to Technical SEO,https://ahrefs.com/seo/technical-seo,"Technical SEO is the practice of optimizing your website to help search engines find, crawl, understand, and index your pages. It helps increase visibility and ..."
2026-04-14,5,Technical SEO,https://www.mtu.edu/umc/services/websites/seo/technical-seo/,Technical SEO is the process of optimizing the technical aspects of a website to improve its search engine rankings. It involves making changes to a website's ...
2026-04-14,6,What Is Technical SEO? The Best Checklist in 2025,https://aioseo.com/technical-seo/,"Technical SEO refers to optimizing the non-content elements of a website to improve crawlability, indexability, and ultimately improve search ..."
2026-04-14,7,What Is Technical SEO? (10-Point Checklist Included),https://www.webfx.com/blog/seo/what-is-technical-seo/,Technical SEO is a set of website and server optimizations that make your site easier for crawlers and website visitors to understand and use.
2026-04-14,8,Technical SEO: The Ultimate Guide for 2026,https://backlinko.com/technical-seo-guide,Technical SEO is the process of ensuring that a website meets the technical requirements of modern search engines with the goal of improved organic rankings.
2026-04-14,9,The Importance Of Technical Optimization For SEO,https://www.forbes.com/councils/forbesagencycouncil/2020/05/01/the-importance-of-technical-optimization-for-seo/,Technical SEO is what allows search engines like Google to know that you have a website of high value. This is important because it can prompt the search ...
2026-04-15,1,TechnicalSEO.com | SEO Tools & Insights,https://technicalseo.com/,"Technical SEO is defined by configurations that can be implemented to the website and server (e.g. page elements, HTTP header responses, XML Sitemaps, redirects ..."
2026-04-15,2,What Is Technical SEO? Basics and Best Practices,https://www.semrush.com/blog/technical-seo/,"Technical SEO is about improving your website to make it easier for search engines to find, understand, and store your content."
2026-04-15,3,Technical SEO Techniques and Strategies,https://developers.google.com/search/docs/fundamentals/get-started,"This guide covers more in-depth SEO tasks, such as preparing for a site move or managing a multi-lingual site."
2026-04-15,4,What Is Technical SEO? The Best Checklist in 2025,https://aioseo.com/technical-seo/,"Technical SEO refers to optimizing the non-content elements of a website to improve crawlability, indexability, and ultimately improve search ..."
2026-04-15,5,Technical SEO,https://www.mtu.edu/umc/services/websites/seo/technical-seo/,Technical SEO is the process of optimizing the technical aspects of a website to improve its search engine rankings. It involves making changes to a website's ...
2026-04-15,6,What Is Technical SEO? (10-Point Checklist Included),https://www.webfx.com/blog/seo/what-is-technical-seo/,Technical SEO is a set of website and server optimizations that make your site easier for crawlers and website visitors to understand and use.
2026-04-15,7,The Importance Of Technical Optimization For SEO,https://www.forbes.com/councils/forbesagencycouncil/2020/05/01/the-importance-of-technical-optimization-for-seo/,Technical SEO is what allows search engines like Google to know that you have a website of high value. This is important because it can prompt the search ...
2026-04-15,8,The Beginner's Guide to Technical SEO,https://ahrefs.com/seo/technical-seo,"Technical SEO is the practice of optimizing your website to help search engines find, crawl, understand, and index your pages. It helps increase visibility and ..."
2026-04-15,9,"What is Technical SEO: Importance, Factors, and Best ...",https://searchatlas.com/blog/technical-seo/,"Technical SEO is the process of optimizing a website's backend infrastructure to secure efficient crawling, rendering, and indexing by search engines."
2026-04-16,1,TechnicalSEO.com | SEO Tools & Insights,https://technicalseo.com/,"Technical SEO is defined by configurations that can be implemented to the website and server (e.g. page elements, HTTP header responses, XML Sitemaps, redirects ..."
2026-04-16,2,Technical SEO Techniques and Strategies,https://developers.google.com/search/docs/fundamentals/get-started,"This guide covers more in-depth SEO tasks, such as preparing for a site move or managing a multi-lingual site."
2026-04-16,3,What Is Technical SEO? Basics and Best Practices,https://www.semrush.com/blog/technical-seo/,"Technical SEO is about improving your website to make it easier for search engines to find, understand, and store your content."
2026-04-16,4,Technical SEO,https://www.mtu.edu/umc/services/websites/seo/technical-seo/,Technical SEO is the process of optimizing the technical aspects of a website to improve its search engine rankings. It involves making changes to a website's ...
2026-04-16,5,The Beginner's Guide to Technical SEO,https://ahrefs.com/seo/technical-seo,"Technical SEO is the practice of optimizing your website to help search engines find, crawl, understand, and index your pages. It helps increase visibility and ..."
2026-04-16,6,What Is Technical SEO? The Best Checklist in 2025,https://aioseo.com/technical-seo/,Technical SEO refers to optimizing the technical elements of your website and server that impact your performance and user experience.
2026-04-16,7,Technical SEO [Beginner's Guide to SEO],https://moz.com/beginners-guide-to-seo/technical-seo,Basic technical knowledge will help you optimize your site for search engines and establish credibility with developers.
2026-04-16,8,What Is Technical SEO? A Complete Guide,https://nav43.com/blog/what-is-technical-seo/,"Technical SEO is the backbone of search rankings. From site speed to crawlability, this guide breaks down everything you need to optimize ..."
2026-04-16,9,What is technical SEO? [with 10 examples],https://wpseoai.com/blog/what-is-technical-seo-with-10-examples/,10 powerful technical SEO examples to implement today · 1. Site Speed Optimization · 2. Mobile-First Optimization · 3. HTTPS Implementation · 4.
2026-04-17,1,TechnicalSEO.com | SEO Tools & Insights,https://technicalseo.com/,"Technical SEO is defined by configurations that can be implemented to the website and server (e.g. page elements, HTTP header responses, XML Sitemaps, redirects ..."
2026-04-17,2,Technical SEO Techniques and Strategies,https://developers.google.com/search/docs/fundamentals/get-started,"This guide covers more in-depth SEO tasks, such as preparing for a site move or managing a multi-lingual site."
2026-04-17,3,What Is Technical SEO? Basics and Best Practices,https://www.semrush.com/blog/technical-seo/,"Technical SEO is about improving your website to make it easier for search engines to find, understand, and store your content."
2026-04-17,4,Technical SEO,https://www.mtu.edu/umc/services/websites/seo/technical-seo/,Technical SEO is the process of optimizing the technical aspects of a website to improve its search engine rankings. It involves making changes to a website's ...
2026-04-17,5,What is Technical SEO?,https://www.geeksforgeeks.org/blogs/what-is-technical-seo/,Technical SEO is a method of optimizing a website's technical elements to improve its performance in SERPs or Search Engine Result Pages.
2026-04-17,6,What Is Technical SEO? The Best Checklist in 2025,https://aioseo.com/technical-seo/,Technical SEO refers to optimizing the technical elements of your website and server that impact your performance and user experience.
2026-04-17,7,What Is Technical SEO? A Complete Guide,https://nav43.com/blog/what-is-technical-seo/,"Technical SEO is the backbone of search rankings. From site speed to crawlability, this guide breaks down everything you need to optimize ..."
2026-04-17,8,The Beginner's Guide to Technical SEO,https://ahrefs.com/seo/technical-seo,"Technical SEO is the practice of optimizing your website to help search engines find, crawl, understand, and index your pages. It helps increase visibility and ..."
2026-04-17,9,What is technical SEO? [with 10 examples],https://wpseoai.com/blog/what-is-technical-seo-with-10-examples/,10 powerful technical SEO examples to implement today · 1. Site Speed Optimization · 2. Mobile-First Optimization · 3. HTTPS Implementation · 4.
2026-04-18,1,TechnicalSEO.com | SEO Tools & Insights,https://technicalseo.com/,"Technical SEO is defined by configurations that can be implemented to the website and server (e.g. page elements, HTTP header responses, XML Sitemaps, redirects ..."
2026-04-18,2,Technical SEO Techniques and Strategies,https://developers.google.com/search/docs/fundamentals/get-started,"This guide covers more in-depth SEO tasks, such as preparing for a site move or managing a multi-lingual site."
2026-04-18,3,What Is Technical SEO? Basics and Best Practices,https://www.semrush.com/blog/technical-seo/,"Technical SEO is about improving your website to make it easier for search engines to find, understand, and store your content."
2026-04-18,4,Technical SEO,https://www.mtu.edu/umc/services/websites/seo/technical-seo/,Technical SEO is the process of optimizing the technical aspects of a website to improve its search engine rankings. It involves making changes to a website's ...
2026-04-18,5,The Beginner's Guide to Technical SEO,https://ahrefs.com/seo/technical-seo,"Technical SEO is the practice of optimizing your website to help search engines find, crawl, understand, and index your pages. It helps increase visibility and ..."
2026-04-18,6,What is Technical SEO?,https://www.geeksforgeeks.org/blogs/what-is-technical-seo/,Technical SEO is a method of optimizing a website's technical elements to improve its performance in SERPs or Search Engine Result Pages.
2026-04-18,7,What Is Technical SEO? The Best Checklist in 2025,https://aioseo.com/technical-seo/,Technical SEO refers to optimizing the technical elements of your website and server that impact your performance and user experience.
2026-04-18,8,What Is Technical SEO? A Complete Guide,https://nav43.com/blog/what-is-technical-seo/,"Technical SEO is the backbone of search rankings. From site speed to crawlability, this guide breaks down everything you need to optimize ..."
2026-04-18,9,What is technical SEO? [with 10 examples],https://wpseoai.com/blog/what-is-technical-seo-with-10-examples/,10 powerful technical SEO examples to implement today · 1. Site Speed Optimization · 2. Mobile-First Optimization · 3. HTTPS Implementation · 4.
2026-04-19,1,TechnicalSEO.com | SEO Tools & Insights,https://technicalseo.com/,"Technical SEO is defined by configurations that can be implemented to the website and server (e.g. page elements, HTTP header responses, XML Sitemaps, redirects ..."
2026-04-19,2,Technical SEO Techniques and Strategies,https://developers.google.com/search/docs/fundamentals/get-started,"This guide covers more in-depth SEO tasks, such as preparing for a site move or managing a multi-lingual site."
2026-04-19,3,What Is Technical SEO? Basics and Best Practices,https://www.semrush.com/blog/technical-seo/,"Technical SEO is about improving your website to make it easier for search engines to find, understand, and store your content."
2026-04-19,4,Technical SEO,https://www.mtu.edu/umc/services/websites/seo/technical-seo/,Technical SEO is the process of optimizing the technical aspects of a website to improve its search engine rankings. It involves making changes to a website's ...
2026-04-19,5,What Is Technical SEO? The Best Checklist in 2025,https://aioseo.com/technical-seo/,"Technical SEO refers to optimizing the non-content elements of a website to improve crawlability, indexability, and ultimately improve search ..."
2026-04-19,6,What Is Technical SEO? A Complete Guide,https://nav43.com/blog/what-is-technical-seo/,"Technical SEO is the backbone of search rankings. From site speed to crawlability, this guide breaks down everything you need to optimize ..."
2026-04-19,7,Technical SEO [Beginner's Guide to SEO],https://moz.com/beginners-guide-to-seo/technical-seo,Basic technical knowledge will help you optimize your site for search engines and establish credibility with developers.
2026-04-19,8,The Beginner's Guide to Technical SEO,https://ahrefs.com/seo/technical-seo,"Technical SEO is the practice of optimizing your website to help search engines find, crawl, understand, and index your pages. It helps increase visibility and ..."
2026-04-20,1,TechnicalSEO.com | SEO Tools & Insights,https://technicalseo.com/,"Technical SEO is defined by configurations that can be implemented to the website and server (e.g. page elements, HTTP header responses, XML Sitemaps, redirects ..."
2026-04-20,2,Technical SEO Techniques and Strategies,https://developers.google.com/search/docs/fundamentals/get-started,"This guide covers more in-depth SEO tasks, such as preparing for a site move or managing a multi-lingual site. Control how Google crawls and indexes your site."
2026-04-20,3,What Is Technical SEO? Basics and Best Practices,https://www.semrush.com/blog/technical-seo/,"Technical SEO is about improving your website to make it easier for search engines to find, understand, and store your content."
2026-04-20,4,Technical SEO,https://www.mtu.edu/umc/services/websites/seo/technical-seo/,Technical SEO is the process of optimizing the technical aspects of a website to improve its search engine rankings. It involves making changes to a website's ...
2026-04-20,5,What Is Technical SEO? The Best Checklist in 2025,https://aioseo.com/technical-seo/,"Technical SEO refers to optimizing the non-content elements of a website to improve crawlability, indexability, and ultimately improve search ..."
2026-04-20,6,Technical SEO [Beginner's Guide to SEO],https://moz.com/beginners-guide-to-seo/technical-seo,Basic technical knowledge will help you optimize your site for search engines and establish credibility with developers.
2026-04-20,7,What Is Technical SEO? A Complete Guide,https://nav43.com/blog/what-is-technical-seo/,"Technical SEO is the backbone of search rankings. From site speed to crawlability, this guide breaks down everything you need to optimize ..."
2026-04-20,8,The Beginner's Guide to Technical SEO,https://ahrefs.com/seo/technical-seo,"Technical SEO is the practice of optimizing your website to help search engines find, crawl, understand, and index your pages. It helps increase visibility and ..."
2026-04-21,1,TechnicalSEO.com | SEO Tools & Insights,https://technicalseo.com/,"Technical SEO is defined by configurations that can be implemented to the website and server (e.g. page elements, HTTP header responses, XML Sitemaps, redirects ..."
2026-04-21,2,What Is Technical SEO? Basics and Best Practices,https://www.semrush.com/blog/technical-seo/,"Technical SEO is about improving your website to make it easier for search engines to find, understand, and store your content."
2026-04-21,3,Technical SEO Techniques and Strategies,https://developers.google.com/search/docs/fundamentals/get-started,"This guide covers more in-depth SEO tasks, such as preparing for a site move or managing a multi-lingual site. Control how Google crawls and indexes your site."
2026-04-21,4,Technical SEO,https://www.mtu.edu/umc/services/websites/seo/technical-seo/,Technical SEO is the process of optimizing the technical aspects of a website to improve its search engine rankings. It involves making changes to a website's ...
2026-04-21,5,What Is Technical SEO? The Best Checklist in 2025,https://aioseo.com/technical-seo/,"Technical SEO refers to optimizing the non-content elements of a website to improve crawlability, indexability, and ultimately improve search ..."
2026-04-21,6,Technical SEO: The Ultimate Guide for 2026,https://backlinko.com/technical-seo-guide,Technical SEO is the process of ensuring that a website meets the technical requirements of modern search engines with the goal of improved organic rankings.
2026-04-21,7,The Importance Of Technical Optimization For SEO,https://www.forbes.com/councils/forbesagencycouncil/2020/05/01/the-importance-of-technical-optimization-for-seo/,Technical SEO is what allows search engines like Google to know that you have a website of high value. This is important because it can prompt the search ...
2026-04-22,1,TechnicalSEO.com | SEO Tools & Insights,https://technicalseo.com/,"Technical SEO is defined by configurations that can be implemented to the website and server (e.g. page elements, HTTP header responses, XML Sitemaps, redirects ..."
2026-04-22,2,What Is Technical SEO? Basics and Best Practices,https://www.semrush.com/blog/technical-seo/,"Technical SEO is about improving your website to make it easier for search engines to find, understand, and store your content."
2026-04-22,3,Technical SEO Techniques and Strategies,https://developers.google.com/search/docs/fundamentals/get-started,"This guide covers more in-depth SEO tasks, such as preparing for a site move or managing a multi-lingual site. Control how Google crawls and indexes your site."
2026-04-22,4,What Is Technical SEO? The Best Checklist in 2025,https://aioseo.com/technical-seo/,"Technical SEO refers to optimizing the non-content elements of a website to improve crawlability, indexability, and ultimately improve search ..."
2026-04-22,5,Technical SEO,https://www.mtu.edu/umc/services/websites/seo/technical-seo/,Technical SEO is the process of optimizing the technical aspects of a website to improve its search engine rankings. It involves making changes to a website's ...
2026-04-22,6,Technical SEO: The Ultimate Guide for 2026,https://backlinko.com/technical-seo-guide,Technical SEO is the process of ensuring that a website meets the technical requirements of modern search engines with the goal of improved organic rankings.
2026-04-22,7,SEO Tools,https://technicalseo.com/tools/,"A set of free SEO tools to help you make your website technically search engine friendly: robots.txt testing tool, fetch & render, schema.org structured ..."
2026-04-22,8,The Importance Of Technical Optimization For SEO,https://www.forbes.com/councils/forbesagencycouncil/2020/05/01/the-importance-of-technical-optimization-for-seo/,Technical SEO is what allows search engines like Google to know that you have a website of high value. This is important because it can prompt the search ...
2026-04-23,1,TechnicalSEO.com | SEO Tools & Insights,https://technicalseo.com/,"Technical SEO is defined by configurations that can be implemented to the website and server (e.g. page elements, HTTP header responses, XML Sitemaps, redirects ..."
2026-04-23,2,Technical SEO Techniques and Strategies,https://developers.google.com/search/docs/fundamentals/get-started,"This guide covers more in-depth SEO tasks, such as preparing for a site move or managing a multi-lingual site."
2026-04-23,3,What Is Technical SEO? Basics and Best Practices,https://www.semrush.com/blog/technical-seo/,"Technical SEO is about improving your website to make it easier for search engines to find, understand, and store your content."
2026-04-23,4,Technical SEO,https://www.mtu.edu/umc/services/websites/seo/technical-seo/,Technical SEO is the process of optimizing the technical aspects of a website to improve its search engine rankings. It involves making changes to a website's ...
2026-04-23,5,What Is Technical SEO? The Best Checklist in 2025,https://aioseo.com/technical-seo/,Technical SEO refers to optimizing the technical elements of your website and server that impact your performance and user experience.
2026-04-23,6,Technical SEO [Beginner's Guide to SEO],https://moz.com/beginners-guide-to-seo/technical-seo,Basic technical knowledge will help you optimize your site for search engines and establish credibility with developers.
2026-04-23,7,What Is Technical SEO? A Complete Guide,https://nav43.com/blog/what-is-technical-seo/,"Technical SEO is the backbone of search rankings. From site speed to crawlability, this guide breaks down everything you need to optimize ..."
2026-04-23,8,What is technical SEO? [with 10 examples],https://wpseoai.com/blog/what-is-technical-seo-with-10-examples/,10 powerful technical SEO examples to implement today · 1. Site Speed Optimization · 2. Mobile-First Optimization · 3. HTTPS Implementation · 4.
2026-04-23,9,Technical SEO For Beginners: The 4 Must-Have Components,https://www.klientboost.com/seo/technical-seo/,Technical SEO refers to optimizing the technical aspects of your website so search engine spiders can better crawl/index it and ensure it's secure for visitors.
2026-04-24,1,How technical SEO drives revenue: a non-technical guide ...,https://growthpartnersgpx.com/blog/how-technical-seo-drives-revenue-a-non-technical-guide-for-decision-makers/,How technical SEO drives revenue · 1. Improves visibility: · 2. Enhances user experience: · 3. Supports on-page SEO: · 4. Maximises JavaScript ...
2026-04-24,2,Common E-Commerce Technical SEO Mistakes,https://www.ics-digital.com/blog/common-e-commerce-technical-seo-mistakes,"Additionally, unrestricted faceted URLs make it difficult to fully crawl a website, leaving issues like broken internal links, soft 404s, and ..."
2026-04-24,3,SEO Checklist for Developers: 15 Essential Steps for 2025,https://www.pageoptimizer.pro/blog/seo-checklist-for-developers-a-complete-guide-for-2025,This blog presents a comprehensive SEO checklist for ...
2026-04-24,4,r/TechSEO,https://www.reddit.com/r/TechSEO/new/,"r/TechSEO: Welcome to Tech SEO, A SubReddit that is dedicated to the tech nerd side of SEO."
2026-04-24,5,A Practical Guide to Technical SEO for ...,https://www.gohighlevel.com/post/a-practical-guide-to-technical-seo-for-gohighlevel-websites,"Technical SEO configuration provides the structure that allows GoHighLevel Website sites to run smoothly for search engines, supporting ..."
2026-04-24,6,How Technical SEO Enhances User Experience,https://viaductgen.com/blog/how-technical-seo-enhances-user-experience/,"Technical SEO refers to the practice of optimising your website in a way that helps search engines like Google to understand, crawl, and index the pages ..."
2026-04-24,7,Top 10 Technical SEO Tips Every News Website Must Follow,https://www.tabscap.com/blog/top-10-technical-seo-tips-every-news-website-must-follow,"Discover essential technical SEO tips for news websites to boost site speed, improve indexing, and enhance user experience for better search ..."
2026-04-24,8,How Technical SEO Grows Traffic,https://www.digitalauthority.me/resources/benefits-of-technical-seo/,Technical SEO helps websites become more visible by giving them a chance to rank high on search engine results.
2026-04-24,9,How to Choose the Right Technical SEO Agency for Success,https://seolocale.com/how-to-choose-the-right-technical-seo-agency-for-success/,"A strong technical SEO strategy improves the user experience, which search engines reward. When a website is fast, secure, and easy to navigate, ..."
2026-04-24,10,A Guide to Technical SEO Vs Content SEO,https://maxwebsolutions.co.uk/blog/a-guide-to-technical-seo-vs-content-seo/,"Technical SEO is the foundation of your website – the loading time and website page speeds, navigation, optimised for mobile and security. The ..."
2026-04-25,1,TechnicalSEO.com | SEO Tools & Insights,https://technicalseo.com/,"Technical SEO is defined by configurations that can be implemented to the website and server (e.g. page elements, HTTP header responses, XML Sitemaps, redirects ..."
2026-04-25,2,What is technical SEO? Basics and best practices,https://www.semrush.com/blog/technical-seo/,"Technical SEO is the work of optimizing a website's infrastructure so search engines and AI systems can crawl, render, index, and cite its ..."
2026-04-25,3,Technical SEO Techniques and Strategies,https://developers.google.com/search/docs/fundamentals/get-started,"This guide covers more in-depth SEO tasks, such as preparing for a site move or managing a multi-lingual site."
2026-04-25,4,The Beginner's Guide to Technical SEO,https://ahrefs.com/seo/technical-seo,Master the essentials of technical SEO with this beginner's guide. Learn how to optimize your website for better search engine visibility and indexing.
2026-04-25,5,New to Technical SEO - What do I need to learn first?,https://www.reddit.com/r/TechSEO/comments/10a220q/new_to_technical_seo_what_do_i_need_to_learn_first/,"Tech SEO is about improving the website performance and availability mostly which requires knowledge in CDNs, hosting, front end and back end tech (coding), ..."
2026-04-25,6,Technical SEO,https://www.mtu.edu/umc/services/websites/seo/technical-seo/,Technical SEO is the process of optimizing the technical aspects of a website to improve its search engine rankings.
2026-04-25,7,Technical SEO: The Ultimate Guide for 2026,https://backlinko.com/technical-seo-guide,Technical SEO is the process of ensuring that a website meets the technical requirements of modern search engines with the goal of improved organic rankings.
2026-04-25,8,What Is Technical SEO? The Best Checklist in 2025,https://aioseo.com/technical-seo/,Technical SEO refers to optimizing the technical elements of your website and server that impact your performance and user experience.
2026-04-26,1,TechnicalSEO.com | SEO Tools & Insights,https://technicalseo.com/,"Technical SEO is defined by configurations that can be implemented to the website and server (e.g. page elements, HTTP header responses, XML Sitemaps, redirects ..."
2026-04-26,2,What is technical SEO? Basics and best practices,https://www.semrush.com/blog/technical-seo/,"Technical SEO is the work of optimizing a website's infrastructure so search engines and AI systems can crawl, render, index, and cite its ..."
2026-04-26,3,Technical SEO Techniques and Strategies,https://developers.google.com/search/docs/fundamentals/get-started,"This guide covers more in-depth SEO tasks, such as preparing for a site move or managing a multi-lingual site."
2026-04-26,4,Technical SEO,https://www.mtu.edu/umc/services/websites/seo/technical-seo/,Technical SEO is the process of optimizing the technical aspects of a website to improve its search engine rankings.
2026-04-26,5,Technical SEO [Beginner's Guide to SEO],https://moz.com/beginners-guide-to-seo/technical-seo,Basic technical knowledge will help you optimize your site for search engines and establish credibility with developers.
2026-04-26,6,What Is Technical SEO? The Best Checklist in 2025,https://aioseo.com/technical-seo/,Technical SEO refers to optimizing the technical elements of your website and server that impact your performance and user experience.
2026-04-26,7,What Is Technical SEO? (10-Point Checklist Included),https://www.webfx.com/blog/seo/what-is-technical-seo/,Technical SEO is a set of website and server optimizations that make your site easier for crawlers and website visitors to understand and use.
2026-04-26,8,What is Technical SEO?,https://www.geeksforgeeks.org/blogs/what-is-technical-seo/,Technical SEO is a method of optimizing a website's technical elements to improve its performance in SERPs or Search Engine Result Pages.
2026-04-27,1,TechnicalSEO.com | SEO Tools & Insights,https://technicalseo.com/,"Technical SEO is defined by configurations that can be implemented to the website and server (e.g. page elements, HTTP header responses, XML Sitemaps, redirects ..."
2026-04-27,2,What is technical SEO? Basics and best practices,https://www.semrush.com/blog/technical-seo/,"Technical SEO is the work of optimizing a website's infrastructure so search engines and AI systems can crawl, render, index, and cite its ..."
2026-04-27,3,Technical SEO Techniques and Strategies,https://developers.google.com/search/docs/fundamentals/get-started,"This guide covers more in-depth SEO tasks, such as preparing for a site move or managing a multi-lingual site."
2026-04-27,4,Technical SEO,https://www.mtu.edu/umc/services/websites/seo/technical-seo/,Technical SEO is the process of optimizing the technical aspects of a website to improve its search engine rankings.
2026-04-27,5,What is Technical SEO?,https://www.geeksforgeeks.org/blogs/what-is-technical-seo/,Technical SEO is a method of optimizing a website's technical elements to improve its performance in SERPs or Search Engine Result Pages.
2026-04-27,6,What Is Technical SEO? The Best Checklist in 2025,https://aioseo.com/technical-seo/,Technical SEO refers to optimizing the technical elements of your website and server that impact your performance and user experience.
2026-04-27,7,What Is Technical SEO? (10-Point Checklist Included),https://www.webfx.com/blog/seo/what-is-technical-seo/,Technical SEO is a set of website and server optimizations that make your site easier for crawlers and website visitors to understand and use.
2026-04-29,1,TechnicalSEO.com | SEO Tools & Insights,https://technicalseo.com/,"Technical SEO is defined by configurations that can be implemented to the website and server (e.g. page elements, HTTP header responses, XML Sitemaps, redirects ..."
2026-04-29,2,What is technical SEO? Basics and best practices,https://www.semrush.com/blog/technical-seo/,"Technical SEO is the work of optimizing a website's infrastructure so search engines and AI systems can crawl, render, index, and cite its ..."
2026-04-29,3,Technical SEO Techniques and Strategies,https://developers.google.com/search/docs/fundamentals/get-started,"This guide covers more in-depth SEO tasks, such as preparing for a site move or managing a multi-lingual site."
2026-04-29,4,Technical SEO,https://www.mtu.edu/umc/services/websites/seo/technical-seo/,Technical SEO is the process of optimizing the technical aspects of a website to improve its search engine rankings.
2026-04-29,5,What Is Technical SEO? The Best Checklist in 2025,https://aioseo.com/technical-seo/,Technical SEO refers to optimizing the technical elements of your website and server that impact your performance and user experience.
2026-04-29,6,Technical SEO [Beginner's Guide to SEO],https://moz.com/beginners-guide-to-seo/technical-seo,Basic technical knowledge will help you optimize your site for search engines and establish credibility with developers.
2026-04-29,7,What Is Technical SEO? (10-Point Checklist Included),https://www.webfx.com/blog/seo/what-is-technical-seo/,Technical SEO is a set of website and server optimizations that make your site easier for crawlers and website visitors to understand and use.
2026-04-29,8,What's technical SEO? 8 technical aspects everyone ...,https://yoast.com/what-is-technical-seo/,Technical SEO is all about improving a website's technical aspects to increase its pages' ranking in the search engines.
2026-04-30,1,TechnicalSEO.com | SEO Tools & Insights,https://technicalseo.com/,"Technical SEO is defined by configurations that can be implemented to the website and server (e.g. page elements, HTTP header responses, XML Sitemaps, redirects ..."
2026-04-30,2,What is technical SEO? Basics and best practices,https://www.semrush.com/blog/technical-seo/,"Technical SEO is the work of optimizing a website's infrastructure so search engines and AI systems can crawl, render, index, and cite its ..."
2026-04-30,3,Technical SEO Techniques and Strategies,https://developers.google.com/search/docs/fundamentals/get-started,"This guide covers more in-depth SEO tasks, such as preparing for a site move or managing a multi-lingual site."
2026-04-30,4,Technical SEO,https://www.mtu.edu/umc/services/websites/seo/technical-seo/,Technical SEO is the process of optimizing the technical aspects of a website to improve its search engine rankings.
2026-04-30,5,What Is Technical SEO? The Best Checklist in 2025,https://aioseo.com/technical-seo/,Technical SEO refers to optimizing the technical elements of your website and server that impact your performance and user experience.
2026-04-30,6,Technical SEO [Beginner's Guide to SEO],https://moz.com/beginners-guide-to-seo/technical-seo,Basic technical knowledge will help you optimize your site for search engines and establish credibility with developers.
2026-04-30,7,Technical SEO - The Digital Marketing Wiki,https://en.ryte.com/wiki/Technical_SEO,"Technical SEO is a part of Search Engine Optimization, which focuses on the technical optimization possibilities of a website. These include, for example, ..."
2026-04-30,8,What is technical SEO? [with 10 examples],https://wpseoai.com/blog/what-is-technical-seo-with-10-examples/,10 powerful technical SEO examples to implement today · 1. Site Speed Optimization · 2. Mobile-First Optimization · 3. HTTPS Implementation · 4.
2026-05-01,1,TechnicalSEO.com | SEO Tools & Insights,https://technicalseo.com/,"Technical SEO is defined by configurations that can be implemented to the website and server (e.g. page elements, HTTP header responses, XML Sitemaps, redirects ..."
2026-05-01,2,What is technical SEO? Basics and best practices,https://www.semrush.com/blog/technical-seo/,"Technical SEO is the work of optimizing a website's infrastructure so search engines and AI systems can crawl, render, index, and cite its ..."
2026-05-01,3,Technical SEO Techniques and Strategies,https://developers.google.com/search/docs/fundamentals/get-started,"This guide covers more in-depth SEO tasks, such as preparing for a site move or managing a multi-lingual site."
2026-05-01,4,Technical SEO,https://www.mtu.edu/umc/services/websites/seo/technical-seo/,Technical SEO is the process of optimizing the technical aspects of a website to improve its search engine rankings.
2026-05-01,5,What is Technical SEO?,https://www.geeksforgeeks.org/blogs/what-is-technical-seo/,Technical SEO is a method of optimizing a website's technical elements to improve its performance in SERPs or Search Engine Result Pages.
2026-05-01,6,What Is Technical SEO? The Best Checklist in 2025,https://aioseo.com/technical-seo/,Technical SEO refers to optimizing the technical elements of your website and server that impact your performance and user experience.
2026-05-01,7,What is technical SEO? [with 10 examples],https://wpseoai.com/blog/what-is-technical-seo-with-10-examples/,10 powerful technical SEO examples to implement today · 1. Site Speed Optimization · 2. Mobile-First Optimization · 3. HTTPS Implementation · 4.
2026-05-01,8,The Ultimate Guide to Technical SEO,https://www.straightnorth.com/blog/the-ultimate-guide-to-technical-seo/,Technical SEO is the foundation of search engine optimization. You can write the best content in the world and build the most authoritative ...
2026-05-02,1,TechnicalSEO.com | SEO Tools & Insights,https://technicalseo.com/,"Technical SEO is defined by configurations that can be implemented to the website and server (e.g. page elements, HTTP header responses, XML Sitemaps, redirects ..."
2026-05-02,2,What is technical SEO? Basics and best practices,https://www.semrush.com/blog/technical-seo/,"Technical SEO is the work of optimizing a website's infrastructure so search engines and AI systems can crawl, render, index, and cite its ..."
2026-05-02,3,Technical SEO Techniques and Strategies,https://developers.google.com/search/docs/fundamentals/get-started,"This guide covers more in-depth SEO tasks, such as preparing for a site move or managing a multi-lingual site."
2026-05-02,4,Technical SEO,https://www.mtu.edu/umc/services/websites/seo/technical-seo/,Technical SEO is the process of optimizing the technical aspects of a website to improve its search engine rankings.
2026-05-02,5,What is Technical SEO?,https://www.geeksforgeeks.org/blogs/what-is-technical-seo/,Technical SEO is a method of optimizing a website's technical elements to improve its performance in SERPs or Search Engine Result Pages.
2026-05-02,6,What Is Technical SEO? The Best Checklist in 2025,https://aioseo.com/technical-seo/,Technical SEO refers to optimizing the technical elements of your website and server that impact your performance and user experience.
2026-05-02,7,Technical SEO [Beginner's Guide to SEO],https://moz.com/beginners-guide-to-seo/technical-seo,Basic technical knowledge will help you optimize your site for search engines and establish credibility with developers.
2026-05-02,8,Technical SEO Checklist 2026 | Technical SEO Tutorial 2026 ...,https://www.youtube.com/watch?v=yyiPW5GMSXw,Technical SEO ensures that your website is structured in a way that allows search engine like Google to crawl index and rank your pages effectively.
2026-05-02,9,What is technical SEO? [with 10 examples],https://wpseoai.com/blog/what-is-technical-seo-with-10-examples/,10 powerful technical SEO examples to implement today · 1. Site Speed Optimization · 2. Mobile-First Optimization · 3. HTTPS Implementation · 4.
2026-05-02,10,What Is Technical SEO? (And 10 Tips for Optimizing Your ...,https://www.webfx.com/blog/seo/what-is-technical-seo/,"What is technical SEO? Technical SEO refers to backend website optimizations like page speed, internal links, and usability. These things help ..."
2026-05-03,1,TechnicalSEO.com | SEO Tools & Insights,https://technicalseo.com/,"Technical SEO is defined by configurations that can be implemented to the website and server (e.g. page elements, HTTP header responses, XML Sitemaps, redirects ..."
2026-05-03,2,What is technical SEO? Basics and best practices,https://www.semrush.com/blog/technical-seo/,"Technical SEO is the work of optimizing a website's infrastructure so search engines and AI systems can crawl, render, index, and cite its ..."
2026-05-03,3,Technical SEO Techniques and Strategies,https://developers.google.com/search/docs/fundamentals/get-started,"This guide covers more in-depth SEO tasks, such as preparing for a site move or managing a multi-lingual site."
2026-05-03,4,Technical SEO,https://www.mtu.edu/umc/services/websites/seo/technical-seo/,Technical SEO is the process of optimizing the technical aspects of a website to improve its search engine rankings.
2026-05-03,5,What is Technical SEO?,https://www.geeksforgeeks.org/blogs/what-is-technical-seo/,Technical SEO is a method of optimizing a website's technical elements to improve its performance in SERPs or Search Engine Result Pages.
2026-05-03,6,Technical SEO: The Ultimate Guide for 2026,https://backlinko.com/technical-seo-guide,Technical SEO is the process of ensuring that a website meets the technical requirements of modern search engines with the goal of improved organic rankings.
2026-05-03,7,What Is Technical SEO? The Best Checklist in 2025,https://aioseo.com/technical-seo/,Technical SEO refers to optimizing the technical elements of your website and server that impact your performance and user experience.
2026-05-04,1,TechnicalSEO.com | SEO Tools & Insights,https://technicalseo.com/,"Technical SEO is defined by configurations that can be implemented to the website and server (e.g. page elements, HTTP header responses, XML Sitemaps, redirects ..."
2026-05-04,2,What is technical SEO? Basics and best practices,https://www.semrush.com/blog/technical-seo/,"Technical SEO is the work of optimizing a website's infrastructure so search engines and AI systems can crawl, render, index, and cite its ..."
2026-05-04,3,Technical SEO Techniques and Strategies,https://developers.google.com/search/docs/fundamentals/get-started,"This guide covers more in-depth SEO tasks, such as preparing for a site move or managing a multi-lingual site."
2026-05-04,4,Technical SEO,https://www.mtu.edu/umc/services/websites/seo/technical-seo/,Technical SEO is the process of optimizing the technical aspects of a website to improve its search engine rankings.
2026-05-04,5,What is Technical SEO?,https://www.geeksforgeeks.org/blogs/what-is-technical-seo/,Technical SEO is a method of optimizing a website's technical elements to improve its performance in SERPs or Search Engine Result Pages.
2026-05-04,6,What Is Technical SEO? The Best Checklist in 2025,https://aioseo.com/technical-seo/,Technical SEO refers to optimizing the technical elements of your website and server that impact your performance and user experience.
2026-05-04,7,What is Technical SEO and How to Optimize for it?,https://goelement.com/blog/technical-seo/,"In our opinion, technical SEO relates to all the details of your site development and architecture, including site performance, functionality, ..."
2026-05-04,8,Technical SEO [Beginner's Guide to SEO],https://moz.com/beginners-guide-to-seo/technical-seo,Basic technical knowledge will help you optimize your site for search engines and establish credibility with developers.
2026-05-05,1,TechnicalSEO.com | SEO Tools & Insights,https://technicalseo.com/,"Technical SEO is defined by configurations that can be implemented to the website and server (e.g. page elements, HTTP header responses, XML Sitemaps, redirects ..."
2026-05-05,2,What is technical SEO? Basics and best practices,https://www.semrush.com/blog/technical-seo/,"Technical SEO is the work of optimizing a website's infrastructure so search engines and AI systems can crawl, render, index, and cite its ..."
2026-05-05,3,Technical SEO Techniques and Strategies,https://developers.google.com/search/docs/fundamentals/get-started,"This guide covers more in-depth SEO tasks, such as preparing for a site move or managing a multi-lingual site."
2026-05-05,4,Technical SEO,https://www.mtu.edu/umc/services/websites/seo/technical-seo/,Technical SEO is the process of optimizing the technical aspects of a website to improve its search engine rankings.
2026-05-05,5,New to Technical SEO - What do I need to learn first?,https://www.reddit.com/r/TechSEO/comments/10a220q/new_to_technical_seo_what_do_i_need_to_learn_first/,"Tech SEO is about improving the website performance and availability mostly which requires knowledge in CDNs, hosting, front end and back end tech (coding), ..."
2026-05-05,6,Technical SEO: The Ultimate Guide for 2026,https://backlinko.com/technical-seo-guide,Technical SEO is the process of ensuring that a website meets the technical requirements of modern search engines with the goal of improved organic rankings.
2026-05-05,7,What Is Technical SEO? The Best Checklist in 2025,https://aioseo.com/technical-seo/,Technical SEO refers to optimizing the technical elements of your website and server that impact your performance and user experience.
2026-05-06,1,TechnicalSEO.com | SEO Tools & Insights,https://technicalseo.com/,"Technical SEO is defined by configurations that can be implemented to the website and server (e.g. page elements, HTTP header responses, XML Sitemaps, redirects ..."
2026-05-06,2,What is technical SEO? Basics and best practices,https://www.semrush.com/blog/technical-seo/,"Technical SEO is the work of optimizing a website's infrastructure so search engines and AI systems can crawl, render, index, and cite its ..."
2026-05-06,3,Technical SEO Techniques and Strategies,https://developers.google.com/search/docs/fundamentals/get-started,"This guide covers more in-depth SEO tasks, such as preparing for a site move or managing a multi-lingual site."
2026-05-06,4,Technical SEO,https://www.mtu.edu/umc/services/websites/seo/technical-seo/,Technical SEO is the process of optimizing the technical aspects of a website to improve its search engine rankings.
2026-05-06,5,Technical SEO: The Ultimate Guide for 2026,https://backlinko.com/technical-seo-guide,Technical SEO is the process of ensuring that a website meets the technical requirements of modern search engines with the goal of improved organic rankings.
2026-05-06,6,What Is Technical SEO? The Best Checklist in 2025,https://aioseo.com/technical-seo/,"Technical SEO refers to optimizing the non-content elements of a website to improve crawlability, indexability, and ultimately improve search ..."
2026-05-06,7,Advanced Technical SEO: A Complete Guide,https://www.searchenginejournal.com/technical-seo/,"Technical SEO covers all of the technical aspects of your website that affect SEO, from hosting and site speed to XML sitemaps and meta robots tags."
2026-05-07,1,TechnicalSEO.com | SEO Tools & Insights,https://technicalseo.com/,"Technical SEO is defined by configurations that can be implemented to the website and server (e.g. page elements, HTTP header responses, XML Sitemaps, redirects ..."
2026-05-07,2,What is technical SEO? Basics and best practices,https://www.semrush.com/blog/technical-seo/,"Technical SEO is the work of optimizing a website's infrastructure so search engines and AI systems can crawl, render, index, and cite its ..."
2026-05-07,3,Technical SEO Techniques and Strategies,https://developers.google.com/search/docs/fundamentals/get-started,"This guide covers more in-depth SEO tasks, such as preparing for a site move or managing a multi-lingual site."
2026-05-07,4,Technical SEO,https://www.mtu.edu/umc/services/websites/seo/technical-seo/,Technical SEO is the process of optimizing the technical aspects of a website to improve its search engine rankings.
2026-05-07,5,Technical SEO: The Ultimate Guide for 2026,https://backlinko.com/technical-seo-guide,Technical SEO is the process of ensuring that a website meets the technical requirements of modern search engines with the goal of improved organic rankings.
2026-05-07,6,What Is Technical SEO? The Best Checklist in 2026,https://aioseo.com/technical-seo/,Technical SEO refers to optimizing the technical elements of your website and server that impact your performance and user experience.
2026-05-07,7,Advanced Technical SEO: A Complete Guide,https://www.searchenginejournal.com/technical-seo/,"Technical SEO covers all of the technical aspects of your website that affect SEO, from hosting and site speed to XML sitemaps and meta robots tags."
2026-05-08,1,TechnicalSEO.com | SEO Tools & Insights,https://technicalseo.com/,"Technical SEO is defined by configurations that can be implemented to the website and server (e.g. page elements, HTTP header responses, XML Sitemaps, redirects ..."
2026-05-08,2,What is technical SEO? Basics and best practices,https://www.semrush.com/blog/technical-seo/,"Technical SEO is the work of optimizing a website's infrastructure so search engines and AI systems can crawl, render, index, and cite its ..."
2026-05-08,3,Technical SEO Techniques and Strategies,https://developers.google.com/search/docs/fundamentals/get-started,"This guide covers more in-depth SEO tasks, such as preparing for a site move or managing a multi-lingual site."
2026-05-08,4,Technical SEO,https://www.mtu.edu/umc/services/websites/seo/technical-seo/,Technical SEO is the process of optimizing the technical aspects of a website to improve its search engine rankings.
2026-05-08,5,What Is Technical SEO? The Best Checklist in 2026,https://aioseo.com/technical-seo/,Technical SEO refers to optimizing the technical elements of your website and server that impact your performance and user experience.
2026-05-08,6,Technical SEO [Beginner's Guide to SEO],https://moz.com/beginners-guide-to-seo/technical-seo,Basic technical knowledge will help you optimize your site for search engines and establish credibility with developers.
2026-05-08,7,What Is Technical SEO? A Beginner's Complete Guide,https://visuable.co/blog-visuable/technical-seo,"Technical SEO focuses on optimising your website's infrastructure so search engines can access, understand, and rank your content effectively."
2026-05-08,8,What Is Technical SEO? A Complete Guide,https://nav43.com/blog/what-is-technical-seo/,"Technical SEO is the backbone of search rankings. From site speed to crawlability, this guide breaks down everything you need to optimize ..."
2026-05-08,9,What is technical SEO? [with 10 examples],https://wpseoai.com/blog/what-is-technical-seo-with-10-examples/,10 powerful technical SEO examples to implement today · 1. Site Speed Optimization · 2. Mobile-First Optimization · 3. HTTPS Implementation · 4.
2026-05-09,1,TechnicalSEO.com | SEO Tools & Insights,https://technicalseo.com/,"Technical SEO is defined by configurations that can be implemented to the website and server (e.g. page elements, HTTP header responses, XML Sitemaps, redirects ..."
2026-05-09,2,What is technical SEO? Basics and best practices,https://www.semrush.com/blog/technical-seo/,"Technical SEO is the work of optimizing a website's infrastructure so search engines and AI systems can crawl, render, index, and cite its ..."
2026-05-09,3,Technical SEO Techniques and Strategies,https://developers.google.com/search/docs/fundamentals/get-started,"This guide covers more in-depth SEO tasks, such as preparing for a site move or managing a multi-lingual site."
2026-05-09,4,What Is Technical SEO? A Beginner's Complete Guide,https://visuable.co/blog-visuable/technical-seo,"Technical SEO focuses on optimising your website's infrastructure so search engines can access, understand, and rank your content effectively."
2026-05-09,5,Technical SEO,https://www.mtu.edu/umc/services/websites/seo/technical-seo/,Technical SEO is the process of optimizing the technical aspects of a website to improve its search engine rankings.
2026-05-09,6,Technical SEO [Beginner's Guide to SEO],https://moz.com/beginners-guide-to-seo/technical-seo,Basic technical knowledge will help you optimize your site for search engines and establish credibility with developers.
2026-05-09,7,What Is Technical SEO? A Complete Guide,https://nav43.com/blog/what-is-technical-seo/,"Technical SEO is the backbone of search rankings. From site speed to crawlability, this guide breaks down everything you need to optimize ..."
2026-05-10,1,TechnicalSEO.com | SEO Tools & Insights,https://technicalseo.com/,"Technical SEO is defined by configurations that can be implemented to the website and server (e.g. page elements, HTTP header responses, XML Sitemaps, redirects ..."
2026-05-10,2,What is technical SEO? Basics and best practices,https://www.semrush.com/blog/technical-seo/,"Technical SEO is the work of optimizing a website's infrastructure so search engines and AI systems can crawl, render, index, and cite its ..."
2026-05-10,3,Technical SEO Techniques and Strategies,https://developers.google.com/search/docs/fundamentals/get-started,"This guide covers more in-depth SEO tasks, such as preparing for a site move or managing a multi-lingual site."
2026-05-10,4,What Is Technical SEO? A Beginner's Complete Guide,https://visuable.co/blog-visuable/technical-seo,"Technical SEO focuses on optimising your website's infrastructure so search engines can access, understand, and rank your content effectively."
2026-05-10,5,Technical SEO,https://www.mtu.edu/umc/services/websites/seo/technical-seo/,Technical SEO is the process of optimizing the technical aspects of a website to improve its search engine rankings.
2026-05-10,6,Technical SEO [Beginner's Guide to SEO],https://moz.com/beginners-guide-to-seo/technical-seo,Basic technical knowledge will help you optimize your site for search engines and establish credibility with developers.
2026-05-10,7,What Is Technical SEO? A Complete Guide,https://nav43.com/blog/what-is-technical-seo/,"Technical SEO is the backbone of search rankings. From site speed to crawlability, this guide breaks down everything you need to optimize ..."
2026-05-10,8,What's technical SEO? 8 technical aspects everyone ...,https://yoast.com/what-is-technical-seo/,Technical SEO is all about improving a website's technical aspects to increase its pages' ranking in the search engines.
2026-05-11,1,TechnicalSEO.com | SEO Tools & Insights,https://technicalseo.com/,"Technical SEO is defined by configurations that can be implemented to the website and server (e.g. page elements, HTTP header responses, XML Sitemaps, redirects ..."
2026-05-11,2,What is technical SEO? Basics and best practices,https://www.semrush.com/blog/technical-seo/,"Technical SEO is the work of optimizing a website's infrastructure so search engines and AI systems can crawl, render, index, and cite its ..."
2026-05-11,3,Technical SEO Techniques and Strategies,https://developers.google.com/search/docs/fundamentals/get-started,"This guide covers more in-depth SEO tasks, such as preparing for a site move or managing a multi-lingual site."
2026-05-11,4,Technical SEO,https://www.mtu.edu/umc/services/websites/seo/technical-seo/,Technical SEO is the process of optimizing the technical aspects of a website to improve its search engine rankings.
2026-05-11,5,What is Technical SEO?,https://www.geeksforgeeks.org/blogs/what-is-technical-seo/,Technical SEO is a method of optimizing a website's technical elements to improve its performance in SERPs or Search Engine Result Pages.
2026-05-11,6,Technical SEO: The Ultimate Guide for 2026,https://backlinko.com/technical-seo-guide,Technical SEO is the process of ensuring that a website meets the technical requirements of modern search engines with the goal of improved organic rankings.
2026-05-11,7,SEO Tools,https://technicalseo.com/tools/,"A set of free SEO tools to help you make your website technically search engine friendly: robots.txt testing tool, fetch & render, schema.org structured ..."
2026-05-12,1,TechnicalSEO.com | SEO Tools & Insights,https://technicalseo.com/,"Technical SEO is defined by configurations that can be implemented to the website and server (e.g. page elements, HTTP header responses, XML Sitemaps, redirects ..."
2026-05-12,2,What is technical SEO? Basics and best practices,https://www.semrush.com/blog/technical-seo/,"Technical SEO is the work of optimizing a website's infrastructure so search engines and AI systems can crawl, render, index, and cite its ..."
2026-05-12,3,Technical SEO Techniques and Strategies,https://developers.google.com/search/docs/fundamentals/get-started,"This guide covers more in-depth SEO tasks, such as preparing for a site move or managing a multi-lingual site."
2026-05-12,4,Technical SEO,https://www.mtu.edu/umc/services/websites/seo/technical-seo/,Technical SEO is the process of optimizing the technical aspects of a website to improve its search engine rankings.
2026-05-12,5,What is Technical SEO?,https://www.geeksforgeeks.org/blogs/what-is-technical-seo/,Technical SEO is a method of optimizing a website's technical elements to improve its performance in SERPs or Search Engine Result Pages.
2026-05-12,6,What Is Technical SEO? A Beginner's Complete Guide,https://visuable.co/blog-visuable/technical-seo,"Technical SEO focuses on optimising your website's infrastructure so search engines can access, understand, and rank your content effectively."
2026-05-12,7,What Is Technical SEO? The Definitive Guide,https://searchengineland.com/guide/what-is-technical-seo,"Technical SEO is the process of optimizing your website's infrastructure so search engines can crawl, render, index, and serve your content ..."
2026-05-12,8,What Is Technical SEO? A Complete Guide,https://nav43.com/blog/what-is-technical-seo/,"Technical SEO is the backbone of search rankings. From site speed to crawlability, this guide breaks down everything you need to optimize ..."
2026-05-13,1,TechnicalSEO.com | SEO Tools & Insights,https://technicalseo.com/,"Technical SEO is defined by configurations that can be implemented to the website and server (e.g. page elements, HTTP header responses, XML Sitemaps, redirects ..."
2026-05-13,2,What is technical SEO? Basics and best practices,https://www.semrush.com/blog/technical-seo/,"Technical SEO is the work of optimizing a website's infrastructure so search engines and AI systems can crawl, render, index, and cite its ..."
2026-05-13,3,Technical SEO Techniques and Strategies,https://developers.google.com/search/docs/fundamentals/get-started,"This guide covers more in-depth SEO tasks, such as preparing for a site move or managing a multi-lingual site."
2026-05-13,4,Technical SEO,https://www.mtu.edu/umc/services/websites/seo/technical-seo/,Technical SEO is the process of optimizing the technical aspects of a website to improve its search engine rankings.
2026-05-13,5,What Is Technical SEO? A Complete Guide,https://nav43.com/blog/what-is-technical-seo/,"Technical SEO is the backbone of search rankings. From site speed to crawlability, this guide breaks down everything you need to optimize ..."
2026-05-13,6,Technical SEO [Beginner's Guide to SEO],https://moz.com/beginners-guide-to-seo/technical-seo,Basic technical knowledge will help you optimize your site for search engines and establish credibility with developers.
2026-05-13,7,The Beginner's Guide to Technical SEO,https://ahrefs.com/seo/technical-seo,"Technical SEO is the practice of optimizing your website to help search engines find, crawl, understand, and index your pages. It helps increase visibility and ..."
2026-05-13,8,What Is Technical SEO? The Definitive Guide,https://searchengineland.com/guide/what-is-technical-seo,"Technical SEO is the process of optimizing your website's infrastructure so search engines can crawl, render, index, and serve your content ..."
2026-05-13,9,What Is Technical SEO? A Beginner's Complete Guide,https://visuable.co/blog-visuable/technical-seo,"Technical SEO focuses on optimising your website's infrastructure so search engines can access, understand, and rank your content effectively."
2026-05-14,1,TechnicalSEO.com | SEO Tools & Insights,https://technicalseo.com/,"Technical SEO is defined by configurations that can be implemented to the website and server (e.g. page elements, HTTP header responses, XML Sitemaps, redirects ..."
2026-05-14,2,What is technical SEO? Basics and best practices,https://www.semrush.com/blog/technical-seo/,"Technical SEO is the work of optimizing a website's infrastructure so search engines and AI systems can crawl, render, index, and cite its ..."
2026-05-14,3,Technical SEO Techniques and Strategies,https://developers.google.com/search/docs/fundamentals/get-started,"This guide covers more in-depth SEO tasks, such as preparing for a site move or managing a multi-lingual site."
2026-05-14,4,The Beginner's Guide to Technical SEO,https://ahrefs.com/seo/technical-seo,"Technical SEO is the practice of optimizing your website to help search engines find, crawl, understand, and index your pages. It helps increase visibility and ..."
2026-05-14,5,What Is Technical SEO? A Complete Guide,https://nav43.com/blog/what-is-technical-seo/,"Technical SEO is the backbone of search rankings. From site speed to crawlability, this guide breaks down everything you need to optimize ..."
2026-05-14,6,Technical SEO,https://www.mtu.edu/umc/services/websites/seo/technical-seo/,Technical SEO is the process of optimizing the technical aspects of a website to improve its search engine rankings.
2026-05-14,7,Technical SEO For Beginners: The 4 Must-Have Components,https://www.klientboost.com/seo/technical-seo/,Technical SEO refers to optimizing the technical aspects of your website so search engine spiders can better crawl/index it and ensure it's secure for visitors.
2026-05-14,8,Technical SEO [Beginner's Guide to SEO],https://moz.com/beginners-guide-to-seo/technical-seo,Basic technical knowledge will help you optimize your site for search engines and establish credibility with developers.
2026-05-14,9,What is technical SEO? [with 10 examples],https://wpseoai.com/blog/what-is-technical-seo-with-10-examples/,10 powerful technical SEO examples to implement today · 1. Site Speed Optimization · 2. Mobile-First Optimization · 3. HTTPS Implementation · 4.
2026-05-15,1,TechnicalSEO.com | SEO Tools & Insights,https://technicalseo.com/,"Technical SEO is defined by configurations that can be implemented to the website and server (e.g. page elements, HTTP header responses, XML Sitemaps, redirects ..."
2026-05-15,2,What is technical SEO? Basics and best practices,https://www.semrush.com/blog/technical-seo/,"Technical SEO is the work of optimizing a website's infrastructure so search engines and AI systems can crawl, render, index, and cite its ..."
2026-05-15,3,Technical SEO Techniques and Strategies,https://developers.google.com/search/docs/fundamentals/get-started,"This guide covers more in-depth SEO tasks, such as preparing for a site move or managing a multi-lingual site."
2026-05-15,4,Technical SEO,https://www.mtu.edu/umc/services/websites/seo/technical-seo/,Technical SEO is the process of optimizing the technical aspects of a website to improve its search engine rankings.
2026-05-15,5,The Beginner's Guide to Technical SEO,https://ahrefs.com/seo/technical-seo,"Technical SEO is the practice of optimizing your website to help search engines find, crawl, understand, and index your pages. It helps increase visibility and ..."
2026-05-15,6,What Is Technical SEO? A Complete Guide,https://nav43.com/blog/what-is-technical-seo/,"Technical SEO is the backbone of search rankings. From site speed to crawlability, this guide breaks down everything you need to optimize ..."
2026-05-15,7,Technical SEO [Beginner's Guide to SEO],https://moz.com/beginners-guide-to-seo/technical-seo,Basic technical knowledge will help you optimize your site for search engines and establish credibility with developers.
2026-05-16,1,TechnicalSEO.com | SEO Tools & Insights,https://technicalseo.com/,"Technical SEO is defined by configurations that can be implemented to the website and server (e.g. page elements, HTTP header responses, XML Sitemaps, redirects ..."
2026-05-16,2,What is technical SEO? Basics and best practices,https://www.semrush.com/blog/technical-seo/,"Technical SEO is the work of optimizing a website's infrastructure so search engines and AI systems can crawl, render, index, and cite its ..."
2026-05-16,3,Technical SEO Techniques and Strategies,https://developers.google.com/search/docs/fundamentals/get-started,"This guide covers more in-depth SEO tasks, such as preparing for a site move or managing a multi-lingual site."
2026-05-16,4,Technical SEO,https://www.mtu.edu/umc/services/websites/seo/technical-seo/,Technical SEO is the process of optimizing the technical aspects of a website to improve its search engine rankings.
2026-05-16,5,The Beginner's Guide to Technical SEO,https://ahrefs.com/seo/technical-seo,"What is technical SEO? Technical SEO is the practice of optimizing your website to help search engines find, crawl, understand, and index your pages."
2026-05-16,6,What is Technical SEO?,https://www.geeksforgeeks.org/blogs/what-is-technical-seo/,Technical SEO is a method of optimizing a website's technical elements to improve its performance in SERPs or Search Engine Result Pages.
2026-05-16,7,What Is Technical SEO? A Beginner's Complete Guide,https://visuable.co/blog-visuable/technical-seo,"Technical SEO focuses on optimising your website's infrastructure so search engines can access, understand, and rank your content effectively."
2026-05-16,8,What Is Technical SEO? A Complete Guide,https://nav43.com/blog/what-is-technical-seo/,"Technical SEO is the backbone of search rankings. From site speed to crawlability, this guide breaks down everything you need to optimize ..."
2026-05-16,9,What Is Technical SEO? Importance & Elements,https://www.ramotion.com/blog/what-is-technical-seo/,"Technical SEO is the practice of optimizing a website's infrastructure and backend elements, such as site speed, crawlability, indexing, ..."
2026-05-17,1,TechnicalSEO.com | SEO Tools & Insights,https://technicalseo.com/,"What is Technical SEO? Technical SEO is defined by configurations that can be implemented to the website and server (e.g. page elements, HTTP header responses, ..."
2026-05-17,2,What is technical SEO? Basics and best practices,https://www.semrush.com/blog/technical-seo/,"Technical SEO is the work of optimizing a website's infrastructure so search engines and AI systems can crawl, render, index, and cite its ..."
2026-05-17,3,Technical SEO Techniques and Strategies,https://developers.google.com/search/docs/fundamentals/get-started,"This guide covers more in-depth SEO tasks, such as preparing for a site move or managing a multi-lingual site."
2026-05-17,4,Technical SEO,https://www.mtu.edu/umc/services/websites/seo/technical-seo/,Technical SEO is the process of optimizing the technical aspects of a website to improve its search engine rankings.
2026-05-17,5,The Beginner's Guide to Technical SEO,https://ahrefs.com/seo/technical-seo,"Technical SEO is the practice of optimizing your website to help search engines find, crawl, understand, and index your pages. It helps increase visibility and ..."
2026-05-17,6,Technical SEO [Beginner's Guide to SEO],https://moz.com/beginners-guide-to-seo/technical-seo,Basic technical knowledge will help you optimize your site for search engines and establish credibility with developers.
2026-05-17,7,What is Technical SEO?,https://www.geeksforgeeks.org/blogs/what-is-technical-seo/,Technical SEO is a method of optimizing a website's technical elements to improve its performance in SERPs or Search Engine Result Pages.
2026-05-17,8,What Is Technical SEO? A Beginner's Complete Guide,https://visuable.co/blog-visuable/technical-seo,"Technical SEO focuses on optimising your website's infrastructure so search engines can access, understand, and rank your content effectively."
2026-05-18,1,TechnicalSEO.com | SEO Tools & Insights,https://technicalseo.com/,"Technical SEO is defined by configurations that can be implemented to the website and server (e.g. page elements, HTTP header responses, XML Sitemaps, redirects ..."
2026-05-18,2,What is technical SEO? Basics and best practices,https://www.semrush.com/blog/technical-seo/,"Technical SEO is the work of optimizing a website's infrastructure so search engines and AI systems can crawl, render, index, and cite its ..."
2026-05-18,3,Technical SEO Techniques and Strategies,https://developers.google.com/search/docs/fundamentals/get-started,"This guide covers more in-depth SEO tasks, such as preparing for a site move or managing a multi-lingual site."
2026-05-18,4,Technical SEO,https://www.mtu.edu/umc/services/websites/seo/technical-seo/,Technical SEO is the process of optimizing the technical aspects of a website to improve its search engine rankings.
2026-05-18,5,The Beginner's Guide to Technical SEO,https://ahrefs.com/seo/technical-seo,"Technical SEO is the practice of optimizing your website to help search engines find, crawl, understand, and index your pages. It helps increase visibility and ..."
2026-05-18,6,What Is Technical SEO? A Beginner's Complete Guide,https://visuable.co/blog-visuable/technical-seo,"Technical SEO focuses on optimising your website's infrastructure so search engines can access, understand, and rank your content effectively."
2026-05-18,7,What is Technical SEO?,https://www.geeksforgeeks.org/blogs/what-is-technical-seo/,Technical SEO is a method of optimizing a website's technical elements to improve its performance in SERPs or Search Engine Result Pages.
2026-05-19,1,TechnicalSEO.com | SEO Tools & Insights,https://technicalseo.com/,"Technical SEO is defined by configurations that can be implemented to the website and server (e.g. page elements, HTTP header responses, XML Sitemaps, redirects ..."
2026-05-19,2,What is technical SEO? Basics and best practices,https://www.semrush.com/blog/technical-seo/,"Technical SEO is the work of optimizing a website's infrastructure so search engines and AI systems can crawl, render, index, and cite its ..."
2026-05-19,3,Technical SEO Techniques and Strategies,https://developers.google.com/search/docs/fundamentals/get-started,"This guide covers more in-depth SEO tasks, such as preparing for a site move or managing a multi-lingual site."
2026-05-19,4,Technical SEO,https://www.mtu.edu/umc/services/websites/seo/technical-seo/,Technical SEO is the process of optimizing the technical aspects of a website to improve its search engine rankings.
2026-05-19,5,The Beginner's Guide to Technical SEO,https://ahrefs.com/seo/technical-seo,"Technical SEO is the practice of optimizing your website to help search engines find, crawl, understand, and index your pages. It helps increase visibility and ..."
2026-05-19,6,What is Technical SEO?,https://www.geeksforgeeks.org/blogs/what-is-technical-seo/,Technical SEO is a method of optimizing a website's technical elements to improve its performance in SERPs or Search Engine Result Pages.
2026-05-19,7,What Is Technical SEO? A Complete Guide,https://nav43.com/blog/what-is-technical-seo/,"Technical SEO is the backbone of search rankings. From site speed to crawlability, this guide breaks down everything you need to optimize ..."
2026-05-19,8,Technical SEO [Beginner's Guide to SEO],https://moz.com/beginners-guide-to-seo/technical-seo,Basic technical knowledge will help you optimize your site for search engines and establish credibility with developers.
2026-05-19,9,Technical SEO Checklist 2026 | Technical SEO Tutorial 2026 ...,https://www.youtube.com/watch?v=yyiPW5GMSXw,Technical SEO ensures that your website is structured in a way that allows search engine like Google to crawl index and rank your pages effectively.
2026-05-20,1,TechnicalSEO.com | SEO Tools & Insights,https://technicalseo.com/,"Technical SEO is defined by configurations that can be implemented to the website and server (e.g. page elements, HTTP header responses, XML Sitemaps, redirects ..."
2026-05-20,2,What is technical SEO? Basics and best practices,https://www.semrush.com/blog/technical-seo/,"Technical SEO is the work of optimizing a website's infrastructure so search engines and AI systems can crawl, render, index, and cite its ..."
2026-05-20,3,Technical SEO Techniques and Strategies,https://developers.google.com/search/docs/fundamentals/get-started,"This guide covers more in-depth SEO tasks, such as preparing for a site move or managing a multi-lingual site."
2026-05-20,4,Technical SEO,https://www.mtu.edu/umc/services/websites/seo/technical-seo/,Technical SEO is the process of optimizing the technical aspects of a website to improve its search engine rankings.
2026-05-20,5,The Beginner's Guide to Technical SEO,https://ahrefs.com/seo/technical-seo,"Technical SEO is the practice of optimizing your website to help search engines find, crawl, understand, and index your pages. It helps increase visibility and ..."
2026-05-20,6,What Is Technical SEO? A Complete Guide,https://nav43.com/blog/what-is-technical-seo/,"Technical SEO is the backbone of search rankings. From site speed to crawlability, this guide breaks down everything you need to optimize ..."
2026-05-20,7,What is Technical SEO?,https://www.geeksforgeeks.org/blogs/what-is-technical-seo/,Technical SEO is a method of optimizing a website's technical elements to improve its performance in SERPs or Search Engine Result Pages.
2026-05-21,1,TechnicalSEO.com | SEO Tools & Insights,https://technicalseo.com/,"What is Technical SEO? Technical SEO is defined by configurations that can be implemented to the website and server (e.g. page elements, HTTP header responses, ..."
2026-05-21,2,What is technical SEO? Basics and best practices,https://www.semrush.com/blog/technical-seo/,"Technical SEO is the work of optimizing a website's infrastructure so search engines and AI systems can crawl, render, index, and cite its ..."
2026-05-21,3,Technical SEO Techniques and Strategies,https://developers.google.com/search/docs/fundamentals/get-started,"This guide covers more in-depth SEO tasks, such as preparing for a site move or managing a multi-lingual site."
2026-05-21,4,Technical SEO,https://www.mtu.edu/umc/services/websites/seo/technical-seo/,Technical SEO is the process of optimizing the technical aspects of a website to improve its search engine rankings.
2026-05-21,5,The Beginner's Guide to Technical SEO,https://ahrefs.com/seo/technical-seo,"Technical SEO is the practice of optimizing your website to help search engines find, crawl, understand, and index your pages. It helps increase visibility and ..."
2026-05-21,6,Technical SEO [Beginner's Guide to SEO],https://moz.com/beginners-guide-to-seo/technical-seo,Basic technical knowledge will help you optimize your site for search engines and establish credibility with developers.
2026-05-21,7,What Is Technical SEO? A Complete Guide,https://nav43.com/blog/what-is-technical-seo/,"Technical SEO is the backbone of search rankings. From site speed to crawlability, this guide breaks down everything you need to optimize ..."
2026-05-22,1,TechnicalSEO.com | SEO Tools & Insights,https://technicalseo.com/,"What is Technical SEO? Technical SEO is defined by configurations that can be implemented to the website and server (e.g. page elements, HTTP header responses, ..."
2026-05-22,2,What is technical SEO? Basics and best practices,https://www.semrush.com/blog/technical-seo/,"Technical SEO is the work of optimizing a website's infrastructure so search engines and AI systems can crawl, render, index, and cite its ..."
2026-05-22,3,Technical SEO Techniques and Strategies,https://developers.google.com/search/docs/fundamentals/get-started,"This guide covers more in-depth SEO tasks, such as preparing for a site move or managing a multi-lingual site."
2026-05-22,4,Technical SEO,https://www.mtu.edu/umc/services/websites/seo/technical-seo/,Technical SEO is the process of optimizing the technical aspects of a website to improve its search engine rankings.
2026-05-22,5,The Beginner's Guide to Technical SEO,https://ahrefs.com/seo/technical-seo,"Technical SEO is the practice of optimizing your website to help search engines find, crawl, understand, and index your pages. It helps increase visibility and ..."
2026-05-22,6,What is Technical SEO?,https://www.geeksforgeeks.org/blogs/what-is-technical-seo/,Technical SEO is a method of optimizing a website's technical elements to improve its performance in SERPs or Search Engine Result Pages.
2026-05-23,1,TechnicalSEO.com | SEO Tools & Insights,https://technicalseo.com/,"Technical SEO is defined by configurations that can be implemented to the website and server (e.g. page elements, HTTP header responses, XML Sitemaps, redirects ..."
2026-05-23,2,What is technical SEO? Basics and best practices,https://www.semrush.com/blog/technical-seo/,"Technical SEO is the work of optimizing a website's infrastructure so search engines and AI systems can crawl, render, index, and cite its ..."
2026-05-23,3,Technical SEO Techniques and Strategies,https://developers.google.com/search/docs/fundamentals/get-started,"This guide covers more in-depth SEO tasks, such as preparing for a site move or managing a multi-lingual site."
2026-05-23,4,Technical SEO,https://www.mtu.edu/umc/services/websites/seo/technical-seo/,Technical SEO is the process of optimizing the technical aspects of a website to improve its search engine rankings.
2026-05-23,5,The Beginner's Guide to Technical SEO,https://ahrefs.com/seo/technical-seo,"Technical SEO is the practice of optimizing your website to help search engines find, crawl, understand, and index your pages. It helps increase visibility and ..."
2026-05-23,6,What is Technical SEO?,https://www.geeksforgeeks.org/blogs/what-is-technical-seo/,Technical SEO is a method of optimizing a website's technical elements to improve its performance in SERPs or Search Engine Result Pages.
2026-05-23,7,What Is Technical SEO? A Complete Guide,https://nav43.com/blog/what-is-technical-seo/,"Technical SEO is the backbone of search rankings. From site speed to crawlability, this guide breaks down everything you need to optimize ..."
2026-05-23,8,What Is Technical SEO? (10-Point Checklist Included),https://www.webfx.com/blog/seo/what-is-technical-seo/,Technical SEO is a set of website and server optimizations that make your site easier for crawlers and website visitors to understand and use.
2026-05-24,1,TechnicalSEO.com | SEO Tools & Insights,https://technicalseo.com/,"Technical SEO is defined by configurations that can be implemented to the website and server (e.g. page elements, HTTP header responses, XML Sitemaps, redirects ..."
2026-05-24,2,What is technical SEO? Basics and best practices,https://www.semrush.com/blog/technical-seo/,"Technical SEO is the work of optimizing a website's infrastructure so search engines and AI systems can crawl, render, index, and cite its ..."
2026-05-24,3,Technical SEO Techniques and Strategies,https://developers.google.com/search/docs/fundamentals/get-started,"This guide covers more in-depth SEO tasks, such as preparing for a site move or managing a multi-lingual site."
2026-05-24,4,Technical SEO,https://www.mtu.edu/umc/services/websites/seo/technical-seo/,Technical SEO is the process of optimizing the technical aspects of a website to improve its search engine rankings.
2026-05-24,5,The Beginner's Guide to Technical SEO,https://ahrefs.com/seo/technical-seo,"Technical SEO is the practice of optimizing your website to help search engines find, crawl, understand, and index your pages. It helps increase visibility and ..."
2026-05-24,6,What is Technical SEO?,https://www.geeksforgeeks.org/blogs/what-is-technical-seo/,Technical SEO is a method of optimizing a website's technical elements to improve its performance in SERPs or Search Engine Result Pages.
2026-05-24,7,What Is Technical SEO? The Definitive Guide,https://searchengineland.com/guide/what-is-technical-seo,"Technical SEO is the process of optimizing your website's infrastructure so search engines can crawl, render, index, and serve your content ..."
2026-05-25,1,TechnicalSEO.com | SEO Tools & Insights,https://technicalseo.com/,"Technical SEO is defined by configurations that can be implemented to the website and server (e.g. page elements, HTTP header responses, XML Sitemaps, redirects ..."
2026-05-25,2,What is technical SEO? Basics and best practices,https://www.semrush.com/blog/technical-seo/,"Technical SEO is the work of optimizing a website's infrastructure so search engines and AI systems can crawl, render, index, and cite its ..."
2026-05-25,3,Technical SEO Techniques and Strategies,https://developers.google.com/search/docs/fundamentals/get-started,"This guide covers more in-depth SEO tasks, such as preparing for a site move or managing a multi-lingual site."
2026-05-25,4,Technical SEO,https://www.mtu.edu/umc/services/websites/seo/technical-seo/,Technical SEO is the process of optimizing the technical aspects of a website to improve its search engine rankings. It involves making changes to a website's ...
2026-05-25,5,The Beginner's Guide to Technical SEO,https://ahrefs.com/seo/technical-seo,"Technical SEO is the practice of optimizing your website to help search engines find, crawl, understand, and index your pages. It helps increase visibility and ..."
2026-05-25,6,What is Technical SEO?,https://www.geeksforgeeks.org/blogs/what-is-technical-seo/,Technical SEO is a method of optimizing a website's technical elements to improve its performance in SERPs or Search Engine Result Pages.
2026-05-25,7,What Is Technical SEO? The Definitive Guide,https://searchengineland.com/guide/what-is-technical-seo,"Technical SEO is the process of optimizing your website's infrastructure so search engines can crawl, render, index, and serve your content ..."
2026-05-25,8,What Is Technical SEO? A Complete Guide,https://nav43.com/blog/what-is-technical-seo/,"Technical SEO is the backbone of search rankings. From site speed to crawlability, this guide breaks down everything you need to optimize ..."
2026-05-26,1,TechnicalSEO.com | SEO Tools & Insights,https://technicalseo.com/,"Technical SEO is defined by configurations that can be implemented to the website and server (e.g. page elements, HTTP header responses, XML Sitemaps, redirects ..."
2026-05-26,2,What is technical SEO? Basics and best practices,https://www.semrush.com/blog/technical-seo/,"Technical SEO is the work of optimizing a website's infrastructure so search engines and AI systems can crawl, render, index, and cite its ..."
2026-05-26,3,Technical SEO Techniques and Strategies,https://developers.google.com/search/docs/fundamentals/get-started,"This guide covers more in-depth SEO tasks, such as preparing for a site move or managing a multi-lingual site."
2026-05-26,4,Technical SEO,https://www.mtu.edu/umc/services/websites/seo/technical-seo/,Technical SEO is the process of optimizing the technical aspects of a website to improve its search engine rankings.
2026-05-26,5,The Beginner's Guide to Technical SEO,https://ahrefs.com/seo/technical-seo,"Technical SEO is the practice of optimizing your website to help search engines find, crawl, understand, and index your pages. It helps increase visibility and ..."
2026-05-26,6,What is Technical SEO?,https://www.geeksforgeeks.org/blogs/what-is-technical-seo/,Technical SEO is a method of optimizing a website's technical elements to improve its performance in SERPs or Search Engine Result Pages.
2026-05-27,1,TechnicalSEO.com | SEO Tools & Insights,https://technicalseo.com/,"Technical SEO is defined by configurations that can be implemented to the website and server (e.g. page elements, HTTP header responses, XML Sitemaps, redirects ..."
2026-05-27,2,What is technical SEO? Basics and best practices,https://www.semrush.com/blog/technical-seo/,"Technical SEO is the work of optimizing a website's infrastructure so search engines and AI systems can crawl, render, index, and cite its ..."
2026-05-27,3,Technical SEO Techniques and Strategies,https://developers.google.com/search/docs/fundamentals/get-started,"This guide covers more in-depth SEO tasks, such as preparing for a site move or managing a multi-lingual site."
2026-05-27,4,Technical SEO,https://www.mtu.edu/umc/services/websites/seo/technical-seo/,Technical SEO is the process of optimizing the technical aspects of a website to improve its search engine rankings.
2026-05-27,5,What is Technical SEO?,https://www.geeksforgeeks.org/blogs/what-is-technical-seo/,Technical SEO is a method of optimizing a website's technical elements to improve its performance in SERPs or Search Engine Result Pages.
2026-05-27,6,What Is Technical SEO? A Complete Guide,https://nav43.com/blog/what-is-technical-seo/,"Technical SEO is the backbone of search rankings. From site speed to crawlability, this guide breaks down everything you need to optimize ..."
2026-05-27,7,The Beginner's Guide to Technical SEO,https://ahrefs.com/seo/technical-seo,"Technical SEO is the practice of optimizing your website to help search engines find, crawl, understand, and index your pages. It helps increase visibility and ..."
2026-05-28,1,TechnicalSEO.com | SEO Tools & Insights,https://technicalseo.com/,"Technical SEO is defined by configurations that can be implemented to the website and server (e.g. page elements, HTTP header responses, XML Sitemaps, redirects ..."
2026-05-28,2,What is technical SEO? Basics and best practices,https://www.semrush.com/blog/technical-seo/,"Technical SEO is the work of optimizing a website's infrastructure so search engines and AI systems can crawl, render, index, and cite its ..."
2026-05-28,3,Technical SEO Techniques and Strategies,https://developers.google.com/search/docs/fundamentals/get-started,"This guide covers more in-depth SEO tasks, such as preparing for a site move or managing a multi-lingual site."
2026-05-28,4,Technical SEO,https://www.mtu.edu/umc/services/websites/seo/technical-seo/,Technical SEO is the process of optimizing the technical aspects of a website to improve its search engine rankings.
2026-05-28,5,The Beginner's Guide to Technical SEO,https://ahrefs.com/seo/technical-seo,"Technical SEO is the practice of optimizing your website to help search engines find, crawl, understand, and index your pages. It helps increase visibility and ..."
2026-05-28,6,What is Technical SEO?,https://www.geeksforgeeks.org/blogs/what-is-technical-seo/,Technical SEO is a method of optimizing a website's technical elements to improve its performance in SERPs or Search Engine Result Pages.
2026-05-28,7,What Is Technical SEO? The Definitive Guide,https://searchengineland.com/guide/what-is-technical-seo,"Technical SEO is the process of optimizing your website's infrastructure so search engines can crawl, render, index, and serve your content ..."
2026-05-29,1,TechnicalSEO.com | SEO Tools & Insights,https://technicalseo.com/,"Technical SEO is defined by configurations that can be implemented to the website and server (e.g. page elements, HTTP header responses, XML Sitemaps, redirects ..."
2026-05-29,2,What is technical SEO? Basics and best practices,https://www.semrush.com/blog/technical-seo/,"Technical SEO is the work of optimizing a website's infrastructure so search engines and AI systems can crawl, render, index, and cite its ..."
2026-05-29,3,Technical SEO Techniques and Strategies,https://developers.google.com/search/docs/fundamentals/get-started,"This guide covers more in-depth SEO tasks, such as preparing for a site move or managing a multi-lingual site."
2026-05-29,4,Technical SEO,https://www.mtu.edu/umc/services/websites/seo/technical-seo/,Technical SEO is the process of optimizing the technical aspects of a website to improve its search engine rankings.
2026-05-29,5,The Beginner's Guide to Technical SEO,https://ahrefs.com/seo/technical-seo,"Technical SEO is the practice of optimizing your website to help search engines find, crawl, understand, and index your pages. It helps increase visibility and ..."
2026-05-29,6,What is Technical SEO?,https://www.geeksforgeeks.org/blogs/what-is-technical-seo/,Technical SEO is a method of optimizing a website's technical elements to improve its performance in SERPs or Search Engine Result Pages.
2026-05-30,1,TechnicalSEO.com | SEO Tools & Insights,https://technicalseo.com/,"Technical SEO is defined by configurations that can be implemented to the website and server (e.g. page elements, HTTP header responses, XML Sitemaps, redirects ..."
2026-05-30,2,What is technical SEO? Basics and best practices,https://www.semrush.com/blog/technical-seo/,"Technical SEO is the work of optimizing a website's infrastructure so search engines and AI systems can crawl, render, index, and cite its ..."
2026-05-30,3,Technical SEO Techniques and Strategies,https://developers.google.com/search/docs/fundamentals/get-started,"This guide covers more in-depth SEO tasks, such as preparing for a site move or managing a multi-lingual site."
2026-05-30,4,Technical SEO,https://www.mtu.edu/umc/services/websites/seo/technical-seo/,Technical SEO is the process of optimizing the technical aspects of a website to improve its search engine rankings.
2026-05-30,5,The Beginner's Guide to Technical SEO,https://ahrefs.com/seo/technical-seo,"Technical SEO is the practice of optimizing your website to help search engines find, crawl, understand, and index your pages. It helps increase visibility and ..."
2026-05-30,6,What Is Technical SEO? The Definitive Guide,https://searchengineland.com/guide/what-is-technical-seo,"Technical SEO is the process of optimizing your website's infrastructure so search engines can crawl, render, index, and serve your content ..."
2026-05-30,7,What is Technical SEO?,https://www.geeksforgeeks.org/blogs/what-is-technical-seo/,Technical SEO is a method of optimizing a website's technical elements to improve its performance in SERPs or Search Engine Result Pages.
2026-05-30,8,Technical SEO Checklist 2026 | Technical SEO Tutorial 2026 ...,https://www.youtube.com/watch?v=yyiPW5GMSXw&vl=en,Technical SEO ensures that your website is structured in a way that allows search engine like Google to crawl index and rank your pages effectively.
2026-05-31,1,TechnicalSEO.com | SEO Tools & Insights,https://technicalseo.com/,"Technical SEO is defined by configurations that can be implemented to the website and server (e.g. page elements, HTTP header responses, XML Sitemaps, redirects ..."
2026-05-31,2,What is technical SEO? Basics and best practices,https://www.semrush.com/blog/technical-seo/,"Technical SEO is the work of optimizing a website's infrastructure so search engines and AI systems can crawl, render, index, and cite its ..."
2026-05-31,3,Technical SEO Techniques and Strategies,https://developers.google.com/search/docs/fundamentals/get-started,"This guide covers more in-depth SEO tasks, such as preparing for a site move or managing a multi-lingual site."
2026-05-31,4,New to Technical SEO - What do I need to learn first?,https://www.reddit.com/r/TechSEO/comments/10a220q/new_to_technical_seo_what_do_i_need_to_learn_first/,"I've been writing SEO Content for more than 17 years. I'm proficient in optimizing content, headings, title tags, meta descriptions, and other ..."
2026-05-31,5,Technical SEO,https://www.mtu.edu/umc/services/websites/seo/technical-seo/,Technical SEO is the process of optimizing the technical aspects of a website to improve its search engine rankings.
2026-05-31,6,What Is Technical SEO? The Definitive Guide,https://searchengineland.com/guide/what-is-technical-seo,"Technical SEO is the process of optimizing your website's infrastructure so search engines can crawl, render, index, and serve your content ..."
2026-05-31,7,What is Technical SEO?,https://www.geeksforgeeks.org/blogs/what-is-technical-seo/,Technical SEO is a method of optimizing a website's technical elements to improve its performance in SERPs or Search Engine Result Pages.
2026-05-31,8,The Beginner's Guide to Technical SEO,https://ahrefs.com/seo/technical-seo,"Technical SEO is the practice of optimizing your website to help search engines find, crawl, understand, and index your pages. It helps increase visibility and ..."
2026-06-01,1,TechnicalSEO.com | SEO Tools & Insights,https://technicalseo.com/,"Technical SEO is defined by configurations that can be implemented to the website and server (e.g. page elements, HTTP header responses, XML Sitemaps, redirects ..."
2026-06-01,2,What is technical SEO? Basics and best practices,https://www.semrush.com/blog/technical-seo/,"Technical SEO is the work of optimizing a website's infrastructure so search engines and AI systems can crawl, render, index, and cite its ..."
2026-06-01,3,Technical SEO Techniques and Strategies,https://developers.google.com/search/docs/fundamentals/get-started,"This guide covers more in-depth SEO tasks, such as preparing for a site move or managing a multi-lingual site."
2026-06-01,4,The Beginner's Guide to Technical SEO,https://ahrefs.com/seo/technical-seo,"Technical SEO is the practice of optimizing your website to help search engines find, crawl, understand, and index your pages. It helps increase visibility and ..."
2026-06-01,5,Technical SEO,https://www.mtu.edu/umc/services/websites/seo/technical-seo/,Technical SEO is the process of optimizing the technical aspects of a website to improve its search engine rankings.
2026-06-01,6,What Is Technical SEO? The Definitive Guide,https://searchengineland.com/guide/what-is-technical-seo,"Technical SEO is the process of optimizing your website's infrastructure so search engines can crawl, render, index, and serve your content ..."
2026-06-01,7,What is Technical SEO?,https://www.geeksforgeeks.org/blogs/what-is-technical-seo/,Technical SEO is a method of optimizing a website's technical elements to improve its performance in SERPs or Search Engine Result Pages.
2026-06-01,8,Technical SEO Checklist 2026 | Technical SEO Tutorial 2026 ...,https://www.youtube.com/watch?v=yyiPW5GMSXw&vl=en,Technical SEO ensures that your website is structured in a way that allows search engine like Google to crawl index and rank your pages effectively.
2026-06-01,9,What Is Technical SEO? A Beginner's Complete Guide,https://visuable.co/blog-visuable/technical-seo,"Technical SEO focuses on optimising your website's infrastructure so search engines can access, understand, and rank your content effectively."
2026-06-02,1,TechnicalSEO.com | SEO Tools & Insights,https://technicalseo.com/,"Technical SEO is defined by configurations that can be implemented to the website and server (e.g. page elements, HTTP header responses, XML Sitemaps, redirects ..."
2026-06-02,2,What is technical SEO? Basics and best practices,https://www.semrush.com/blog/technical-seo/,"Technical SEO is the work of optimizing a website's infrastructure so search engines and AI systems can crawl, render, index, and cite its ..."
2026-06-02,3,Technical SEO Techniques and Strategies,https://developers.google.com/search/docs/fundamentals/get-started,"This guide covers more in-depth SEO tasks, such as preparing for a site move or managing a multi-lingual site. Control how Google crawls and indexes your site"
2026-06-02,4,The Beginner's Guide to Technical SEO,https://ahrefs.com/seo/technical-seo,"Technical SEO is the practice of optimizing your website to help search engines find, crawl, understand, and index your pages. It helps increase visibility and ..."
2026-06-02,5,Technical SEO,https://www.mtu.edu/umc/services/websites/seo/technical-seo/,Technical SEO is the process of optimizing the technical aspects of a website to improve its search engine rankings.
2026-06-02,6,What is Technical SEO?,https://www.geeksforgeeks.org/blogs/what-is-technical-seo/,Technical SEO is a method of optimizing a website's technical elements to improve its performance in SERPs or Search Engine Result Pages.
2026-06-02,7,Technical SEO Checklist 2026 | Technical SEO Tutorial 2026 ...,https://www.youtube.com/watch?v=yyiPW5GMSXw&vl=en,Technical SEO ensures that your website is structured in a way that allows search engine like Google to crawl index and rank your pages effectively.
2026-06-02,8,What Is Technical SEO? A Complete Guide,https://nav43.com/blog/what-is-technical-seo/,Technical SEO is the foundation of a successful online presence. It involves optimizing your website's infrastructure to ensure search engines ...
2026-06-03,1,TechnicalSEO.com | SEO Tools & Insights,https://technicalseo.com/,"Technical SEO is defined by configurations that can be implemented to the website and server (e.g. page elements, HTTP header responses, XML Sitemaps, redirects ..."
2026-06-03,2,What is technical SEO? Basics and best practices,https://www.semrush.com/blog/technical-seo/,"Technical SEO is the work of optimizing a website's infrastructure so search engines and AI systems can crawl, render, index, and cite its ..."
2026-06-03,3,Technical SEO Techniques and Strategies,https://developers.google.com/search/docs/fundamentals/get-started,"This guide covers more in-depth SEO tasks, such as preparing for a site move or managing a multi-lingual site."
2026-06-03,4,Technical SEO,https://www.mtu.edu/umc/services/websites/seo/technical-seo/,Technical SEO is the process of optimizing the technical aspects of a website to improve its search engine rankings.
2026-06-03,5,The Beginner's Guide to Technical SEO,https://ahrefs.com/seo/technical-seo,"Technical SEO is the practice of optimizing your website to help search engines find, crawl, understand, and index your pages. It helps increase visibility and ..."
2026-06-03,6,What is Technical SEO?,https://www.geeksforgeeks.org/blogs/what-is-technical-seo/,Technical SEO is a method of optimizing a website's technical elements to improve its performance in SERPs or Search Engine Result Pages.
2026-06-03,7,What Is Technical SEO? A Complete Guide,https://nav43.com/blog/what-is-technical-seo/,"Technical SEO is the backbone of search rankings. From site speed to crawlability, this guide breaks down everything you need to optimize ..."
2026-06-04,1,TechnicalSEO.com | SEO Tools & Insights,https://technicalseo.com/,"Technical SEO is defined by configurations that can be implemented to the website and server (e.g. page elements, HTTP header responses, XML Sitemaps, redirects ..."
2026-06-04,2,What is technical SEO? Basics and best practices,https://www.semrush.com/blog/technical-seo/,"Technical SEO is the work of optimizing a website's infrastructure so search engines and AI systems can crawl, render, index, and cite its ..."
2026-06-04,3,Technical SEO Techniques and Strategies,https://developers.google.com/search/docs/fundamentals/get-started,"This guide covers more in-depth SEO tasks, such as preparing for a site move or managing a multi-lingual site."
2026-06-04,4,Technical SEO,https://www.mtu.edu/umc/services/websites/seo/technical-seo/,Technical SEO is the process of optimizing the technical aspects of a website to improve its search engine rankings.
2026-06-04,5,The Beginner's Guide to Technical SEO,https://ahrefs.com/seo/technical-seo,"Technical SEO is the practice of optimizing your website to help search engines find, crawl, understand, and index your pages. It helps increase visibility and ..."
2026-06-04,6,What is Technical SEO?,https://www.geeksforgeeks.org/blogs/what-is-technical-seo/,Technical SEO is a method of optimizing a website's technical elements to improve its performance in SERPs or Search Engine Result Pages.
2026-06-04,7,What Is Technical SEO? A Complete Guide,https://nav43.com/blog/what-is-technical-seo/,"Technical SEO is the backbone of search rankings. From site speed to crawlability, this guide breaks down everything you need to optimize ..."
2026-06-05,1,TechnicalSEO.com | SEO Tools & Insights,https://technicalseo.com/,"Technical SEO is defined by configurations that can be implemented to the website and server (e.g. page elements, HTTP header responses, XML Sitemaps, redirects ..."
2026-06-05,2,What is technical SEO? Basics and best practices,https://www.semrush.com/blog/technical-seo/,"Technical SEO is the work of optimizing a website's infrastructure so search engines and AI systems can crawl, render, index, and cite its ..."
2026-06-05,3,Technical SEO Techniques and Strategies,https://developers.google.com/search/docs/fundamentals/get-started,"This guide covers more in-depth SEO tasks, such as preparing for a site move or managing a multi-lingual site."
2026-06-05,4,What is Technical SEO?,https://www.geeksforgeeks.org/blogs/what-is-technical-seo/,Technical SEO is a method of optimizing a website's technical elements to improve its performance in SERPs or Search Engine Result Pages.
2026-06-05,5,The Beginner's Guide to Technical SEO,https://ahrefs.com/seo/technical-seo,"Technical SEO is the practice of optimizing your website to help search engines find, crawl, understand, and index your pages. It helps increase visibility and ..."
2026-06-05,6,Technical SEO,https://www.mtu.edu/umc/services/websites/seo/technical-seo/,Technical SEO is the process of optimizing the technical aspects of a website to improve its search engine rankings.
2026-06-06,1,TechnicalSEO.com | SEO Tools & Insights,https://technicalseo.com/,"Technical SEO is defined by configurations that can be implemented to the website and server (e.g. page elements, HTTP header responses, XML Sitemaps, redirects ..."
2026-06-06,2,What is technical SEO? Basics and best practices,https://www.semrush.com/blog/technical-seo/,"Technical SEO is the work of optimizing a website's infrastructure so search engines and AI systems can crawl, render, index, and cite its ..."
2026-06-06,3,Technical SEO Techniques and Strategies,https://developers.google.com/search/docs/fundamentals/get-started,"This guide covers more in-depth SEO tasks, such as preparing for a site move or managing a multi-lingual site. Control how Google crawls and indexes your site"
2026-06-06,4,Technical SEO,https://www.mtu.edu/umc/services/websites/seo/technical-seo/,Technical SEO is the process of optimizing the technical aspects of a website to improve its search engine rankings.
2026-06-06,5,The Beginner's Guide to Technical SEO,https://ahrefs.com/seo/technical-seo,"Technical SEO is the practice of optimizing your website to help search engines find, crawl, understand, and index your pages. It helps increase visibility and ..."
2026-06-06,6,What is Technical SEO?,https://www.geeksforgeeks.org/blogs/what-is-technical-seo/,Technical SEO is a method of optimizing a website's technical elements to improve its performance in SERPs or Search Engine Result Pages.
2026-06-07,1,TechnicalSEO.com | SEO Tools & Insights,https://technicalseo.com/,"Technical SEO is defined by configurations that can be implemented to the website and server (e.g. page elements, HTTP header responses, XML Sitemaps, redirects ..."
2026-06-07,2,What is technical SEO? Basics and best practices,https://www.semrush.com/blog/technical-seo/,"Technical SEO is the work of optimizing a website's infrastructure so search engines and AI systems can crawl, render, index, and cite its ..."
2026-06-07,3,Technical SEO Techniques and Strategies,https://developers.google.com/search/docs/fundamentals/get-started,"This guide covers more in-depth SEO tasks, such as preparing for a site move or managing a multi-lingual site."
2026-06-07,4,Technical SEO,https://www.mtu.edu/umc/services/websites/seo/technical-seo/,Technical SEO is the process of optimizing the technical aspects of a website to improve its search engine rankings.
2026-06-07,5,The Beginner's Guide to Technical SEO,https://ahrefs.com/seo/technical-seo,"Technical SEO is the practice of optimizing your website to help search engines find, crawl, understand, and index your pages. It helps increase visibility and ..."
2026-06-07,6,What is Technical SEO?,https://www.geeksforgeeks.org/blogs/what-is-technical-seo/,Technical SEO is a method of optimizing a website's technical elements to improve its performance in SERPs or Search Engine Result Pages.
2026-06-07,7,What Is Technical SEO? The Definitive Guide,https://searchengineland.com/guide/what-is-technical-seo,"Technical SEO is the process of optimizing your website's infrastructure so search engines can crawl, render, index, and serve your content ..."
2026-06-08,1,TechnicalSEO.com | SEO Tools & Insights,https://technicalseo.com/,"Technical SEO is defined by configurations that can be implemented to the website and server (e.g. page elements, HTTP header responses, XML Sitemaps, redirects ..."
2026-06-08,2,What is technical SEO? Basics and best practices,https://www.semrush.com/blog/technical-seo/,"Technical SEO is the work of optimizing a website's infrastructure so search engines and AI systems can crawl, render, index, and cite its ..."
2026-06-08,3,Technical SEO Techniques and Strategies,https://developers.google.com/search/docs/fundamentals/get-started,"This guide covers more in-depth SEO tasks, such as preparing for a site move or managing a multi-lingual site."
2026-06-08,4,Technical SEO,https://www.mtu.edu/umc/services/websites/seo/technical-seo/,Technical SEO is the process of optimizing the technical aspects of a website to improve its search engine rankings.
2026-06-08,5,The Beginner's Guide to Technical SEO,https://ahrefs.com/seo/technical-seo,"Technical SEO is the practice of optimizing your website to help search engines find, crawl, understand, and index your pages. It helps increase visibility and ..."
2026-06-08,6,What is Technical SEO?,https://www.geeksforgeeks.org/blogs/what-is-technical-seo/,Technical SEO is a method of optimizing a website's technical elements to improve its performance in SERPs or Search Engine Result Pages.
2026-06-08,7,What Is Technical SEO? The Definitive Guide,https://searchengineland.com/guide/what-is-technical-seo,"Technical SEO is the process of optimizing your website's infrastructure so search engines can crawl, render, index, and serve your content ..."
2026-06-08,8,What Is Technical SEO? A Complete Guide,https://nav43.com/blog/what-is-technical-seo/,"Technical SEO is the backbone of search rankings. From site speed to crawlability, this guide breaks down everything you need to optimize ..."
2026-06-09,1,TechnicalSEO.com | SEO Tools & Insights,https://technicalseo.com/,"Technical SEO is defined by configurations that can be implemented to the website and server (e.g. page elements, HTTP header responses, XML Sitemaps, redirects ..."
2026-06-09,2,What is technical SEO? Basics and best practices,https://www.semrush.com/blog/technical-seo/,"Technical SEO is the work of optimizing a website's infrastructure so search engines and AI systems can crawl, render, index, and cite its ..."
2026-06-09,3,Technical SEO Techniques and Strategies,https://developers.google.com/search/docs/fundamentals/get-started,"This guide covers more in-depth SEO tasks, such as preparing for a site move or managing a multi-lingual site."
2026-06-09,4,Technical SEO,https://www.mtu.edu/umc/services/websites/seo/technical-seo/,Technical SEO is the process of optimizing the technical aspects of a website to improve its search engine rankings.
2026-06-09,5,The Beginner's Guide to Technical SEO,https://ahrefs.com/seo/technical-seo,"Technical SEO is the practice of optimizing your website to help search engines find, crawl, understand, and index your pages. It helps increase visibility and ..."
2026-06-09,6,What is Technical SEO?,https://www.geeksforgeeks.org/blogs/what-is-technical-seo/,Technical SEO is a method of optimizing a website's technical elements to improve its performance in SERPs or Search Engine Result Pages.
2026-06-09,7,What Is Technical SEO? The Definitive Guide,https://searchengineland.com/guide/what-is-technical-seo,"Technical SEO is the process of optimizing your website's infrastructure so search engines can crawl, render, index, and serve your content ..."
2026-06-09,8,Technical SEO for Developers | 17 Tips to Rank Higher!,https://www.youtube.com/watch?v=BkDH55WDiDU,"By implementing best practices on your website, you can ensure that Google indexes it properly and doesn't penalize it."
2026-06-09,9,Technical SEO For Beginners: The 4 Must-Have Components,https://www.klientboost.com/seo/technical-seo/,Technical SEO refers to optimizing the technical aspects of your website so search engine spiders can better crawl/index it and ensure it's secure for visitors.
2026-06-10,1,TechnicalSEO.com | SEO Tools & Insights,https://technicalseo.com/,"Technical SEO is defined by configurations that can be implemented to the website and server (e.g. page elements, HTTP header responses, XML Sitemaps, redirects ..."
2026-06-10,2,Technical SEO Techniques and Strategies,https://developers.google.com/search/docs/fundamentals/get-started,"This guide covers more in-depth SEO tasks, such as preparing for a site move or managing a multi-lingual site. Control how Google crawls and indexes your site"
2026-06-10,3,What is technical SEO? Basics and best practices,https://www.semrush.com/blog/technical-seo/,"Technical SEO is the work of optimizing a website's infrastructure so search engines and AI systems can crawl, render, index, and cite its ..."
2026-06-10,4,Technical SEO,https://www.mtu.edu/umc/services/websites/seo/technical-seo/,Technical SEO is the process of optimizing the technical aspects of a website to improve its search engine rankings.
2026-06-10,5,The Beginner's Guide to Technical SEO,https://ahrefs.com/seo/technical-seo,"Technical SEO is the practice of optimizing your website to help search engines find, crawl, understand, and index your pages. It helps increase visibility and ..."
2026-06-10,6,What is Technical SEO?,https://www.geeksforgeeks.org/blogs/what-is-technical-seo/,Technical SEO is a method of optimizing a website's technical elements to improve its performance in SERPs or Search Engine Result Pages.
2026-06-10,7,What Is Technical SEO? The Definitive Guide,https://searchengineland.com/guide/what-is-technical-seo,"Technical SEO is the process of optimizing your website's infrastructure so search engines can crawl, render, index, and serve your content ..."
2026-06-10,8,What Is Technical SEO? A Complete Guide,https://nav43.com/blog/what-is-technical-seo/,Technical SEO is the foundation of a successful online presence. It involves optimizing your website's infrastructure to ensure search engines ...
2026-06-11,1,TechnicalSEO.com | SEO Tools & Insights,https://technicalseo.com/,"Technical SEO is defined by configurations that can be implemented to the website and server (e.g. page elements, HTTP header responses, XML Sitemaps, redirects ..."
2026-06-11,2,Technical SEO Techniques and Strategies,https://developers.google.com/search/docs/fundamentals/get-started,"This guide covers more in-depth SEO tasks, such as preparing for a site move or managing a multi-lingual site."
2026-06-11,3,What is technical SEO? Basics and best practices,https://www.semrush.com/blog/technical-seo/,"Technical SEO is the work of optimizing a website's infrastructure so search engines and AI systems can crawl, render, index, and cite its ..."
2026-06-11,4,The Beginner's Guide to Technical SEO,https://ahrefs.com/seo/technical-seo,"Technical SEO is the practice of optimizing your website to help search engines find, crawl, understand, and index your pages. It helps increase visibility and ..."
2026-06-11,5,Technical SEO,https://www.mtu.edu/umc/services/websites/seo/technical-seo/,Technical SEO is the process of optimizing the technical aspects of a website to improve its search engine rankings.
2026-06-11,6,What is Technical SEO?,https://www.geeksforgeeks.org/blogs/what-is-technical-seo/,Technical SEO is a method of optimizing a website's technical elements to improve its performance in SERPs or Search Engine Result Pages.
2026-06-11,7,What Is Technical SEO? The Definitive Guide,https://searchengineland.com/guide/what-is-technical-seo,"Technical SEO is the process of optimizing your website's infrastructure so search engines can crawl, render, index, and serve your content ..."
2026-06-11,8,Technical SEO For Beginners: The 4 Must-Have Components,https://www.klientboost.com/seo/technical-seo/,Technical SEO refers to optimizing the technical aspects of your website so search engine spiders can better crawl/index it and ensure it's secure for visitors.
2026-06-12,1,TechnicalSEO.com | SEO Tools & Insights,https://technicalseo.com/,"Technical SEO is defined by configurations that can be implemented to the website and server (e.g. page elements, HTTP header responses, XML Sitemaps, redirects ..."
2026-06-12,2,Technical SEO Techniques and Strategies,https://developers.google.com/search/docs/fundamentals/get-started,"This guide covers more in-depth SEO tasks, such as preparing for a site move or managing a multi-lingual site. Control how Google crawls and indexes your site"
2026-06-12,3,What is technical SEO? Basics and best practices,https://www.semrush.com/blog/technical-seo/,"Technical SEO is the work of optimizing a website's infrastructure so search engines and AI systems can crawl, render, index, and cite its ..."
2026-06-12,4,The Beginner's Guide to Technical SEO,https://ahrefs.com/seo/technical-seo,"Technical SEO is the practice of optimizing your website to help search engines find, crawl, understand, and index your pages. It helps increase visibility and ..."
2026-06-12,5,Technical SEO,https://www.mtu.edu/umc/services/websites/seo/technical-seo/,Technical SEO is the process of optimizing the technical aspects of a website to improve its search engine rankings.
2026-06-12,6,What is Technical SEO?,https://www.geeksforgeeks.org/blogs/what-is-technical-seo/,Technical SEO is a method of optimizing a website's technical elements to improve its performance in SERPs or Search Engine Result Pages.
2026-06-12,7,What Is Technical SEO? The Definitive Guide,https://searchengineland.com/guide/what-is-technical-seo,"Technical SEO is the process of optimizing your website's infrastructure so search engines can crawl, render, index, and serve your content ..."
2026-06-13,1,TechnicalSEO.com | SEO Tools & Insights,https://technicalseo.com/,"Technical SEO is defined by configurations that can be implemented to the website and server (e.g. page elements, HTTP header responses, XML Sitemaps, redirects ..."
2026-06-13,2,Technical SEO Techniques and Strategies,https://developers.google.com/search/docs/fundamentals/get-started,"This guide covers more in-depth SEO tasks, such as preparing for a site move or managing a multi-lingual site."
2026-06-13,3,What is technical SEO? Basics and best practices,https://www.semrush.com/blog/technical-seo/,"Technical SEO is the work of optimizing a website's infrastructure so search engines and AI systems can crawl, render, index, and cite its ..."
2026-06-13,4,Technical SEO,https://www.mtu.edu/umc/services/websites/seo/technical-seo/,Technical SEO is the process of optimizing the technical aspects of a website to improve its search engine rankings.
2026-06-13,5,The Beginner's Guide to Technical SEO,https://ahrefs.com/seo/technical-seo,"Technical SEO is the practice of optimizing your website to help search engines find, crawl, understand, and index your pages. It helps increase visibility and ..."
2026-06-13,6,What is Technical SEO?,https://www.geeksforgeeks.org/blogs/what-is-technical-seo/,Technical SEO is a method of optimizing a website's technical elements to improve its performance in SERPs or Search Engine Result Pages.
2026-06-13,7,What Is Technical SEO? The Definitive Guide,https://searchengineland.com/guide/what-is-technical-seo,"Technical SEO is the process of optimizing your website's infrastructure so search engines can crawl, render, index, and serve your content ..."
2026-06-13,8,Technical SEO For Beginners: The 4 Must-Have Components,https://www.klientboost.com/seo/technical-seo/,Technical SEO refers to optimizing the technical aspects of your website so search engine spiders can better crawl/index it and ensure it's secure for visitors.
2026-06-14,1,TechnicalSEO.com | SEO Tools & Insights,https://technicalseo.com/,"Technical SEO is defined by configurations that can be implemented to the website and server (e.g. page elements, HTTP header responses, XML Sitemaps, redirects ..."
2026-06-14,2,Technical SEO Techniques and Strategies,https://developers.google.com/search/docs/fundamentals/get-started,"This guide covers more in-depth SEO tasks, such as preparing for a site move or managing a multi-lingual site. Control how Google crawls and indexes your site"
2026-06-14,3,What is technical SEO? Basics and best practices,https://www.semrush.com/blog/technical-seo/,"Technical SEO is the work of optimizing a website's infrastructure so search engines and AI systems can crawl, render, index, and cite its ..."
2026-06-14,4,Technical SEO,https://www.mtu.edu/umc/services/websites/seo/technical-seo/,Technical SEO is the process of optimizing the technical aspects of a website to improve its search engine rankings.
2026-06-14,5,What is Technical SEO?,https://www.geeksforgeeks.org/blogs/what-is-technical-seo/,Technical SEO is a method of optimizing a website's technical elements to improve its performance in SERPs or Search Engine Result Pages.
2026-06-14,6,The Beginner's Guide to Technical SEO,https://ahrefs.com/seo/technical-seo,"Technical SEO is the practice of optimizing your website to help search engines find, crawl, understand, and index your pages. It helps increase visibility and ..."
2026-06-14,7,What Is Technical SEO? A Complete Guide,https://nav43.com/blog/what-is-technical-seo/,Technical SEO is the foundation of a successful online presence. It involves optimizing your website's infrastructure to ensure search engines ...
2026-06-15,1,TechnicalSEO.com | SEO Tools & Insights,https://technicalseo.com/,"Technical SEO is defined by configurations that can be implemented to the website and server (e.g. page elements, HTTP header responses, XML Sitemaps, redirects ..."
2026-06-15,2,Technical SEO Techniques and Strategies,https://developers.google.com/search/docs/fundamentals/get-started,"This guide covers more in-depth SEO tasks, such as preparing for a site move or managing a multi-lingual site. Control how Google crawls and indexes your site"
2026-06-15,3,What is technical SEO? Basics and best practices,https://www.semrush.com/blog/technical-seo/,"Technical SEO is the work of optimizing a website's infrastructure so search engines and AI systems can crawl, render, index, and cite its ..."
2026-06-15,4,The Beginner's Guide to Technical SEO,https://ahrefs.com/seo/technical-seo,"Technical SEO is the practice of optimizing your website to help search engines find, crawl, understand, and index your pages. It helps increase visibility and ..."
2026-06-15,5,Technical SEO,https://www.mtu.edu/umc/services/websites/seo/technical-seo/,Technical SEO is the process of optimizing the technical aspects of a website to improve its search engine rankings.
2026-06-15,6,What is Technical SEO?,https://www.geeksforgeeks.org/blogs/what-is-technical-seo/,Technical SEO is a method of optimizing a website's technical elements to improve its performance in SERPs or Search Engine Result Pages.
2026-06-15,7,What Is Technical SEO? The Definitive Guide,https://searchengineland.com/guide/what-is-technical-seo,"Technical SEO is the process of optimizing your website's infrastructure so search engines can crawl, render, index, and serve your content ..."
2026-06-15,8,Technical SEO For Beginners: The 4 Must-Have Components,https://www.klientboost.com/seo/technical-seo/,Technical SEO refers to optimizing the technical aspects of your website so search engine spiders can better crawl/index it and ensure it's secure for visitors.
2026-06-16,1,TechnicalSEO.com | SEO Tools & Insights,https://technicalseo.com/,"Technical SEO is defined by configurations that can be implemented to the website and server (e.g. page elements, HTTP header responses, XML Sitemaps, redirects ..."
2026-06-16,2,Technical SEO Techniques and Strategies,https://developers.google.com/search/docs/fundamentals/get-started,"This guide covers more in-depth SEO tasks, such as preparing for a site move or managing a multi-lingual site."
2026-06-16,3,What is technical SEO? Basics and best practices,https://www.semrush.com/blog/technical-seo/,"Technical SEO is the work of optimizing a website's infrastructure so search engines and AI systems can crawl, render, index, and cite its ..."
2026-06-16,4,Technical SEO,https://www.mtu.edu/umc/services/websites/seo/technical-seo/,Technical SEO is the process of optimizing the technical aspects of a website to improve its search engine rankings.
2026-06-16,5,The Beginner's Guide to Technical SEO,https://ahrefs.com/seo/technical-seo,"Technical SEO is the practice of optimizing your website to help search engines find, crawl, understand, and index your pages. It helps increase visibility and ..."
2026-06-16,6,What is Technical SEO?,https://www.geeksforgeeks.org/blogs/what-is-technical-seo/,Technical SEO is a method of optimizing a website's technical elements to improve its performance in SERPs or Search Engine Result Pages.
2026-06-16,7,What Is Technical SEO? The Definitive Guide,https://searchengineland.com/guide/what-is-technical-seo,"Technical SEO is the process of optimizing your website's infrastructure so search engines can crawl, render, index, and serve your content ..."
2026-06-16,8,What Is Technical SEO? A Complete Guide,https://nav43.com/blog/what-is-technical-seo/,"Technical SEO is the backbone of search rankings. From site speed to crawlability, this guide breaks down everything you need to optimize ..."
2026-06-17,1,TechnicalSEO.com | SEO Tools & Insights,https://technicalseo.com/,"Technical SEO is defined by configurations that can be implemented to the website and server (e.g. page elements, HTTP header responses, XML Sitemaps, redirects ..."
2026-06-17,2,Technical SEO Techniques and Strategies,https://developers.google.com/search/docs/fundamentals/get-started,"This guide covers more in-depth SEO tasks, such as preparing for a site move or managing a multi-lingual site."
2026-06-17,3,What is technical SEO? Basics and best practices,https://www.semrush.com/blog/technical-seo/,"Technical SEO is the work of optimizing a website's infrastructure so search engines and AI systems can crawl, render, index, and cite its ..."
2026-06-17,4,Technical SEO,https://www.mtu.edu/umc/services/websites/seo/technical-seo/,Technical SEO is the process of optimizing the technical aspects of a website to improve its search engine rankings.
2026-06-17,5,The Beginner's Guide to Technical SEO,https://ahrefs.com/seo/technical-seo,"Technical SEO is the practice of optimizing your website to help search engines find, crawl, understand, and index your pages. It helps increase visibility and ..."
2026-06-17,6,What is Technical SEO?,https://www.geeksforgeeks.org/blogs/what-is-technical-seo/,Technical SEO is a method of optimizing a website's technical elements to improve its performance in SERPs or Search Engine Result Pages.
2026-06-17,7,What Is Technical SEO? The Definitive Guide,https://searchengineland.com/guide/what-is-technical-seo,"Technical SEO is the process of optimizing your website's infrastructure so search engines can crawl, render, index, and serve your content ..."
2026-06-17,8,Technical SEO For Beginners: The 4 Must-Have Components,https://www.klientboost.com/seo/technical-seo/,Technical SEO refers to optimizing the technical aspects of your website so search engine spiders can better crawl/index it and ensure it's secure for visitors.
2026-06-18,1,TechnicalSEO.com | SEO Tools & Insights,https://technicalseo.com/,"Technical SEO is defined by configurations that can be implemented to the website and server (e.g. page elements, HTTP header responses, XML Sitemaps, redirects ..."
2026-06-18,2,What is technical SEO? Basics and best practices,https://www.semrush.com/blog/technical-seo/,"Technical SEO is the work of optimizing a website's infrastructure so search engines and AI systems can crawl, render, index, and cite its ..."
2026-06-18,3,Technical SEO Techniques and Strategies,https://developers.google.com/search/docs/fundamentals/get-started,"This guide covers more in-depth SEO tasks, such as preparing for a site move or managing a multi-lingual site."
2026-06-18,4,Technical SEO,https://www.mtu.edu/umc/services/websites/seo/technical-seo/,Technical SEO is the process of optimizing the technical aspects of a website to improve its search engine rankings.
2026-06-18,5,The Beginner's Guide to Technical SEO,https://ahrefs.com/seo/technical-seo,"Technical SEO is the practice of optimizing your website to help search engines find, crawl, understand, and index your pages. It helps increase visibility and ..."
2026-06-18,6,What is Technical SEO?,https://www.geeksforgeeks.org/blogs/what-is-technical-seo/,Technical SEO is a method of optimizing a website's technical elements to improve its performance in SERPs or Search Engine Result Pages.
2026-06-18,7,What Is Technical SEO? The Definitive Guide,https://searchengineland.com/guide/what-is-technical-seo,"Technical SEO is the process of optimizing your website's infrastructure so search engines can crawl, render, index, and serve your content ..."
2026-06-19,1,TechnicalSEO.com | SEO Tools & Insights,https://technicalseo.com/,"Technical SEO is defined by configurations that can be implemented to the website and server (e.g. page elements, HTTP header responses, XML Sitemaps, redirects ..."
2026-06-19,2,What is technical SEO? Basics and best practices,https://www.semrush.com/blog/technical-seo/,"Technical SEO is the work of optimizing a website's infrastructure so search engines and AI systems can crawl, render, index, and cite its ..."
2026-06-19,3,Technical SEO Techniques and Strategies,https://developers.google.com/search/docs/fundamentals/get-started,"This guide covers more in-depth SEO tasks, such as preparing for a site move or managing a multi-lingual site. Control how Google crawls and indexes your site"
2026-06-19,4,Technical SEO,https://www.mtu.edu/umc/services/websites/seo/technical-seo/,Technical SEO is the process of optimizing the technical aspects of a website to improve its search engine rankings.
2026-06-19,5,The Beginner's Guide to Technical SEO,https://ahrefs.com/seo/technical-seo,"Technical SEO is the practice of optimizing your website to help search engines find, crawl, understand, and index your pages. It helps increase visibility and ..."
2026-06-19,6,What is Technical SEO?,https://www.geeksforgeeks.org/blogs/what-is-technical-seo/,Technical SEO is a method of optimizing a website's technical elements to improve its performance in SERPs or Search Engine Result Pages.
2026-06-20,1,TechnicalSEO.com | SEO Tools & Insights,https://technicalseo.com/,"Technical SEO is defined by configurations that can be implemented to the website and server (e.g. page elements, HTTP header responses, XML Sitemaps, redirects ..."
2026-06-20,2,What is technical SEO? Basics and best practices,https://www.semrush.com/blog/technical-seo/,"Technical SEO is the work of optimizing a website's infrastructure so search engines and AI systems can crawl, render, index, and cite its ..."
2026-06-20,3,Technical SEO Techniques and Strategies,https://developers.google.com/search/docs/fundamentals/get-started,"This guide covers more in-depth SEO tasks, such as preparing for a site move or managing a multi-lingual site."
2026-06-20,4,Technical SEO,https://www.mtu.edu/umc/services/websites/seo/technical-seo/,Technical SEO is the process of optimizing the technical aspects of a website to improve its search engine rankings.
2026-06-20,5,What is Technical SEO?,https://www.geeksforgeeks.org/blogs/what-is-technical-seo/,Technical SEO is a method of optimizing a website's technical elements to improve its performance in SERPs or Search Engine Result Pages.
2026-06-20,6,Technical SEO For Beginners: The 4 Must-Have Components,https://www.klientboost.com/seo/technical-seo/,Technical SEO refers to optimizing the technical aspects of your website so search engine spiders can better crawl/index it and ensure it's secure for visitors.
2026-06-20,7,The Beginner's Guide to Technical SEO,https://ahrefs.com/seo/technical-seo,"Technical SEO is the practice of optimizing your website to help search engines find, crawl, understand, and index your pages. It helps increase visibility and ..."
2026-06-21,1,TechnicalSEO.com | SEO Tools & Insights,https://technicalseo.com/,"Technical SEO is defined by configurations that can be implemented to the website and server (e.g. page elements, HTTP header responses, XML Sitemaps, redirects ..."
2026-06-21,2,What is technical SEO? Basics and best practices,https://www.semrush.com/blog/technical-seo/,"Technical SEO is the work of optimizing a website's infrastructure so search engines and AI systems can crawl, render, index, and cite its ..."
2026-06-21,3,Technical SEO Techniques and Strategies,https://developers.google.com/search/docs/fundamentals/get-started,"This guide covers more in-depth SEO tasks, such as preparing for a site move or managing a multi-lingual site."
2026-06-21,4,Technical SEO,https://www.mtu.edu/umc/services/websites/seo/technical-seo/,Technical SEO is the process of optimizing the technical aspects of a website to improve its search engine rankings. It involves making changes to a website's ...
2026-06-21,5,The Beginner's Guide to Technical SEO,https://ahrefs.com/seo/technical-seo,"Technical SEO is the practice of optimizing your website to help search engines find, crawl, understand, and index your pages. It helps increase visibility and ..."
2026-06-21,6,What is Technical SEO?,https://www.geeksforgeeks.org/blogs/what-is-technical-seo/,Technical SEO is a method of optimizing a website's technical elements to improve its performance in SERPs or Search Engine Result Pages.
2026-06-22,1,TechnicalSEO.com | SEO Tools & Insights,https://technicalseo.com/,"Technical SEO is defined by configurations that can be implemented to the website and server (e.g. page elements, HTTP header responses, XML Sitemaps, redirects ..."
2026-06-22,2,What is technical SEO? Basics and best practices,https://www.semrush.com/blog/technical-seo/,"Technical SEO is the work of optimizing a website's infrastructure so search engines and AI systems can crawl, render, index, and cite its ..."
2026-06-22,3,Technical SEO Techniques and Strategies,https://developers.google.com/search/docs/fundamentals/get-started,"This guide covers more in-depth SEO tasks, such as preparing for a site move or managing a multi-lingual site."
2026-06-22,4,Technical SEO,https://www.mtu.edu/umc/services/websites/seo/technical-seo/,Technical SEO is the process of optimizing the technical aspects of a website to improve its search engine rankings.
2026-06-22,5,The Beginner's Guide to Technical SEO,https://ahrefs.com/seo/technical-seo,"Technical SEO is the practice of optimizing your website to help search engines find, crawl, understand, and index your pages. It helps increase visibility and ..."
2026-06-22,6,What is Technical SEO?,https://www.geeksforgeeks.org/blogs/what-is-technical-seo/,Technical SEO is a method of optimizing a website's technical elements to improve its performance in SERPs or Search Engine Result Pages.
2026-06-22,7,Technical SEO [Beginner's Guide to SEO],https://moz.com/beginners-guide-to-seo/technical-seo,Basic technical knowledge will help you optimize your site for search engines and establish credibility with developers.
2026-06-22,8,What Is Technical SEO? The Definitive Guide,https://searchengineland.com/guide/what-is-technical-seo,"Technical SEO is the process of optimizing your website's infrastructure so search engines can crawl, render, index, and serve your content ..."
2026-06-22,9,Technical SEO For Beginners: The 4 Must-Have Components,https://www.klientboost.com/seo/technical-seo/,Technical SEO refers to optimizing the technical aspects of your website so search engine spiders can better crawl/index it and ensure it's secure for visitors.
